Record ID,Count point id,Direction of travel,Year,Count date,hour,Region id,Region name,Local authority name,Road name,Road Category ID,Start junction road name,End junction road name,Latitude,Longitude,Link length km,Pedal cycles,Two wheeled motor vehicles,Cars and taxis,Buses and coaches,LGV Type,HGV Type,EV Car,EV Bike
18547,46818,S,2014,09/11/2014 00:00,17,6,London,Croydon,A222,4,A232,A222 Lower Addiscombe Rd,51.37750343,-0.091631091,1.1,11,4,323,22,55,2,0,0
18548,46818,S,2014,09/11/2014 00:00,18,6,London,Croydon,A222,4,A232,A222 Lower Addiscombe Rd,51.37750343,-0.091631091,1.1,7,8,303,42,36,0,0,0
18549,46818,S,2014,09/11/2014 00:00,7,6,London,Croydon,A222,4,A232,A222 Lower Addiscombe Rd,51.37750343,-0.091631091,1.1,6,3,341,17,57,5,1,0
18550,46818,S,2014,09/11/2014 00:00,8,6,London,Croydon,A222,4,A232,A222 Lower Addiscombe Rd,51.37750343,-0.091631091,1.1,23,3,273,12,29,7,6,1
18551,46818,S,2014,09/11/2014 00:00,9,6,London,Croydon,A222,4,A232,A222 Lower Addiscombe Rd,51.37750343,-0.091631091,1.1,9,2,274,27,59,8,2,4
18552,46818,S,2014,09/11/2014 00:00,10,6,London,Croydon,A222,4,A232,A222 Lower Addiscombe Rd,51.37750343,-0.091631091,1.1,4,1,214,21,45,2,0,4
,46818,S,2014,09/11/2014 00:00,11,6,London,Croydon,A222,4,A232,A222 Lower Addiscombe Rd,51.37750343,-0.091631091,1.1,2,2,222,18,44,3,3,0
18554,46818,S,2014,09/11/2014 00:00,12,6,London,Croydon,A222,4,A232,A222 Lower Addiscombe Rd,51.37750343,-0.091631091,1.1,5,3,213,20,48,5,3,1
18555,46818,N,2014,09/11/2014 00:00,13,6,London,Croydon,A222,4,A232,A222 Lower Addiscombe Rd,51.37750343,-0.091631091,1.1,3,1,176,21,19,5,1,4
18556,46818,N,2014,09/11/2014 00:00,14,6,London,Croydon,A222,4,A232,A222 Lower Addiscombe Rd,51.37750343,-0.091631091,1.1,6,4,221,22,21,8,1,2
18557,46818,N,2014,09/11/2014 00:00,15,6,London,Croydon,A222,4,A232,A222 Lower Addiscombe Rd,51.37750343,-0.091631091,1.1,3,5,279,20,40,4,0,4
18558,46818,N,2014,09/11/2014 00:00,16,6,London,Croydon,A222,4,A232,A222 Lower Addiscombe Rd,51.37750343,-0.091631091,1.1,10,4,278,22,48,3,0,0
18559,46818,N,2014,09/11/2014 00:00,17,6,London,Croydon,A222,4,A232,A222 Lower Addiscombe Rd,51.37750343,-0.091631091,1.1,17,17,340,18,39,6,0,0
18560,46818,N,2014,09/11/2014 00:00,18,6,London,Croydon,A222,4,A232,A222 Lower Addiscombe Rd,51.37750343,-0.091631091,1.1,18,4,301,19,30,0,0,0
,37072,N,2014,10/24/2014 0:00,7,1,South West,Devon,A380,4,A381,A381/A383,50.53694661,-3.587025595,2.5,0,20,1069,6,383,21,8,9
18562,37072,N,2014,10/24/2014 0:00,8,1,South West,Devon,A380,4,A381,A381/A383,50.53694661,-3.587025595,2.5,0,16,1000,8,241,23,7,2
18563,37072,N,2014,10/24/2014 0:00,9,1,South West,Devon,A380,4,A381,A381/A383,50.53694661,-3.587025595,2.5,0,8,931,30,172,39,7,12
18564,37072,N,2014,10/24/2014 0:00,10,1,South West,Devon,A380,4,A381,A381/A383,50.53694661,-3.587025595,2.5,0,5,1024,11,197,27,5,10
18565,37072,N,2014,10/24/2014 0:00,11,1,South West,Devon,A380,4,A381,A381/A383,50.53694661,-3.587025595,2.5,0,7,960,5,145,49,7,8
18566,37072,N,2014,10/24/2014 0:00,12,1,South West,Devon,A380,4,A381,A381/A383,50.53694661,-3.587025595,2.5,0,6,959,2,191,39,7,8
18567,37072,S,2014,10/24/2014 0:00,13,1,South West,Devon,A380,4,A381,A381/A383,50.53694661,-3.587025595,2.5,0,5,879,6,195,25,8,6
18568,37072,S,2014,10/24/2014 0:00,14,1,South West,Devon,A380,4,A381,A381/A383,50.53694661,-3.587025595,2.5,0,18,1018,14,173,21,2,4
18569,37072,S,2014,10/24/2014 0:00,15,1,South West,Devon,A380,4,A381,A381/A383,50.53694661,-3.587025595,2.5,0,10,996,11,228,17,4,7
18570,37072,S,2014,10/24/2014 0:00,16,1,South West,Devon,A380,4,A381,A381/A383,50.53694661,-3.587025595,2.5,0,20,993,9,225,22,4,1
18571,37072,S,2014,10/24/2014 0:00,17,1,South West,Devon,A380,4,A381,A381/A383,50.53694661,-3.587025595,2.5,0,13,1108,5,194,8,3,0
18572,37072,S,2014,10/24/2014 0:00,18,1,South West,Devon,A380,4,A381,A381/A383,50.53694661,-3.587025595,2.5,0,14,1267,6,189,5,0,0
18573,37072,S,2014,10/24/2014 0:00,7,1,South West,Devon,A380,4,A381,A381/A383,50.53694661,-3.587025595,2.5,0,13,861,2,238,35,10,3
18574,37072,S,2014,10/24/2014 0:00,8,1,South West,Devon,A380,4,A381,A381/A383,50.53694661,-3.587025595,2.5,0,7,868,8,219,45,5,9
18575,37072,S,2014,10/24/2014 0:00,9,1,South West,Devon,A380,4,A381,A381/A383,50.53694661,-3.587025595,2.5,0,3,715,9,199,26,16,6
18576,37072,S,2014,10/24/2014 0:00,10,1,South West,Devon,A380,4,A381,A381/A383,50.53694661,-3.587025595,2.5,0,5,768,5,186,34,4,13
18577,37072,S,2014,10/24/2014 0:00,11,1,South West,Devon,A380,4,A381,A381/A383,50.53694661,-3.587025595,2.5,0,6,936,3,191,32,7,3
18578,37072,S,2014,10/24/2014 0:00,12,1,South West,Devon,A380,4,A381,A381/A383,50.53694661,-3.587025595,2.5,0,5,1046,4,166,23,2,11
18579,37072,N,2014,10/24/2014 0:00,13,1,South West,Devon,A380,4,A381,A381/A383,50.53694661,-3.587025595,2.5,0,9,939,2,174,35,8,9
18580,37072,N,2014,10/24/2014 0:00,14,1,South West,Devon,A380,4,A381,A381/A383,50.53694661,-3.587025595,2.5,0,4,887,7,222,27,7,7
18581,37072,N,2014,10/24/2014 0:00,15,1,South West,Devon,A380,4,A381,A381/A383,50.53694661,-3.587025595,2.5,0,7,916,3,193,26,4,7
18582,37072,N,2014,10/24/2014 0:00,16,1,South West,Devon,A380,4,A381,A381/A383,50.53694661,-3.587025595,2.5,0,19,1106,6,220,24,5,0
18583,37072,N,2014,10/24/2014 0:00,17,1,South West,Devon,A380,4,A381,A381/A383,50.53694661,-3.587025595,2.5,0,13,1158,3,177,17,1,0
18584,37072,N,2014,10/24/2014 0:00,18,1,South West,Devon,A380,4,A381,A381/A383,50.53694661,-3.587025595,2.5,0,5,884,2,106,15,0,0
18585,17838,N,2014,5/15/2014 0:00,7,10,West Midlands,Solihull,M42,1,4,5,52.3970823,-1.763342201,3.9,0,14,4704,13,701,91,32,23
18586,17838,N,2014,5/15/2014 0:00,8,10,West Midlands,Solihull,M42,1,4,5,52.3970823,-1.763342201,3.9,0,13,4716,10,443,76,16,16
18587,17838,N,2014,5/15/2014 0:00,9,10,West Midlands,Solihull,M42,1,4,5,52.3970823,-1.763342201,3.9,0,28,3216,46,474,142,17,12
18588,17838,N,2014,5/15/2014 0:00,10,10,West Midlands,Solihull,M42,1,4,5,52.3970823,-1.763342201,3.9,0,12,2468,57,503,83,17,45
18589,17838,N,2014,5/15/2014 0:00,11,10,West Midlands,Solihull,M42,1,4,5,52.3970823,-1.763342201,3.9,0,6,2503,36,436,140,32,43
18590,17838,N,2014,5/15/2014 0:00,12,10,West Midlands,Solihull,M42,1,4,5,52.3970823,-1.763342201,3.9,0,6,2625,23,518,121,28,36
18591,17838,S,2014,5/15/2014 0:00,13,10,West Midlands,Solihull,M42,1,4,5,52.3970823,-1.763342201,3.9,0,10,2677,10,559,96,11,45
18592,17838,S,2014,5/15/2014 0:00,14,10,West Midlands,Solihull,M42,1,4,5,52.3970823,-1.763342201,3.9,0,12,3418,9,547,91,11,30
18593,17838,S,2014,5/15/2014 0:00,15,10,West Midlands,Solihull,M42,1,4,5,52.3970823,-1.763342201,3.9,0,25,4050,10,544,102,17,24
18594,17838,S,2014,5/15/2014 0:00,16,10,West Midlands,Solihull,M42,1,4,5,52.3970823,-1.763342201,3.9,0,16,4493,8,689,69,8,5
18595,17838,S,2014,5/15/2014 0:00,17,10,West Midlands,Solihull,M42,1,4,5,52.3970823,-1.763342201,3.9,0,17,4561,8,480,38,5,3
18596,17838,S,2014,5/15/2014 0:00,18,10,West Midlands,Solihull,M42,1,4,5,52.3970823,-1.763342201,3.9,0,25,4114,3,393,45,6,4
18597,17838,S,2014,5/15/2014 0:00,7,10,West Midlands,Solihull,M42,1,4,5,52.3970823,-1.763342201,3.9,0,18,4175,11,1111,171,34,67
18598,17838,S,2014,5/15/2014 0:00,8,10,West Midlands,Solihull,M42,1,4,5,52.3970823,-1.763342201,3.9,0,28,4746,10,739,120,29,36
18599,17838,S,2014,5/15/2014 0:00,9,10,West Midlands,Solihull,M42,1,4,5,52.3970823,-1.763342201,3.9,0,10,3297,17,479,103,22,48
18600,17838,S,2014,5/15/2014 0:00,10,10,West Midlands,Solihull,M42,1,4,5,52.3970823,-1.763342201,3.9,0,6,2597,11,625,102,25,42
18601,17838,S,2014,5/15/2014 0:00,11,10,West Midlands,Solihull,M42,1,4,5,52.3970823,-1.763342201,3.9,0,8,2696,16,513,106,21,36
18602,17838,S,2014,5/15/2014 0:00,12,10,West Midlands,Solihull,M42,1,4,5,52.3970823,-1.763342201,3.9,0,9,2574,7,560,108,23,28
18603,17838,N,2014,5/15/2014 0:00,13,10,West Midlands,Solihull,M42,1,4,5,52.3970823,-1.763342201,3.9,0,15,2960,17,675,131,23,45
18604,17838,N,2014,5/15/2014 0:00,14,10,West Midlands,Solihull,M42,1,4,5,52.3970823,-1.763342201,3.9,0,24,3469,7,758,159,22,39
18605,17838,N,2014,5/15/2014 0:00,15,10,West Midlands,Solihull,M42,1,4,5,52.3970823,-1.763342201,3.9,0,27,3366,31,724,218,20,41
18606,17838,N,2014,5/15/2014 0:00,16,10,West Midlands,Solihull,M42,1,4,5,52.3970823,-1.763342201,3.9,0,28,3991,35,760,110,15,18
18607,17838,N,2014,5/15/2014 0:00,17,10,West Midlands,Solihull,M42,1,4,5,52.3970823,-1.763342201,3.9,0,25,4157,27,1051,57,12,6
18608,17838,N,2014,5/15/2014 0:00,18,10,West Midlands,Solihull,M42,1,4,5,52.3970823,-1.763342201,3.9,0,12,4439,25,426,71,10,15
18609,7903,E,2014,06/09/2014 00:00,7,7,East of England,Hertfordshire,M25,1,20,21,51.71406567,-0.40920569,4.7,0,33,5095,6,833,166,22,28
18610,7903,E,2014,06/09/2014 00:00,8,7,East of England,Hertfordshire,M25,1,20,21,51.71406567,-0.40920569,4.7,0,26,4465,13,638,146,24,48
18611,7903,E,2014,06/09/2014 00:00,9,7,East of England,Hertfordshire,M25,1,20,21,51.71406567,-0.40920569,4.7,0,23,3310,25,584,135,20,46
18612,7903,E,2014,06/09/2014 00:00,10,7,East of England,Hertfordshire,M25,1,20,21,51.71406567,-0.40920569,4.7,0,13,3123,16,604,156,38,36
18613,7903,E,2014,06/09/2014 00:00,11,7,East of England,Hertfordshire,M25,1,20,21,51.71406567,-0.40920569,4.7,0,14,3166,9,667,173,36,47
18614,7903,E,2014,06/09/2014 00:00,12,7,East of England,Hertfordshire,M25,1,20,21,51.71406567,-0.40920569,4.7,0,18,3254,3,789,160,55,38
18615,7903,W,2014,06/09/2014 00:00,13,7,East of England,Hertfordshire,M25,1,20,21,51.71406567,-0.40920569,4.7,0,12,3037,12,637,119,25,56
18616,7903,W,2014,06/09/2014 00:00,14,7,East of England,Hertfordshire,M25,1,20,21,51.71406567,-0.40920569,4.7,0,12,3044,17,665,122,31,35
18617,7903,W,2014,06/09/2014 00:00,15,7,East of England,Hertfordshire,M25,1,20,21,51.71406567,-0.40920569,4.7,0,16,3430,11,712,118,22,38
18618,7903,W,2014,06/09/2014 00:00,16,7,East of England,Hertfordshire,M25,1,20,21,51.71406567,-0.40920569,4.7,0,24,3995,7,760,119,23,12
18619,7903,W,2014,06/09/2014 00:00,17,7,East of England,Hertfordshire,M25,1,20,21,51.71406567,-0.40920569,4.7,0,31,4401,7,579,70,22,10
18620,7903,W,2014,06/09/2014 00:00,18,7,East of England,Hertfordshire,M25,1,20,21,51.71406567,-0.40920569,4.7,0,36,3946,6,424,60,13,5
18621,7903,W,2014,06/09/2014 00:00,7,7,East of England,Hertfordshire,M25,1,20,21,51.71406567,-0.40920569,4.7,0,24,3152,10,881,160,35,28
18622,7903,W,2014,06/09/2014 00:00,8,7,East of England,Hertfordshire,M25,1,20,21,51.71406567,-0.40920569,4.7,0,23,3012,14,593,146,28,21
18623,7903,W,2014,06/09/2014 00:00,9,7,East of England,Hertfordshire,M25,1,20,21,51.71406567,-0.40920569,4.7,0,10,3066,34,618,141,35,34
18624,7903,W,2014,06/09/2014 00:00,10,7,East of England,Hertfordshire,M25,1,20,21,51.71406567,-0.40920569,4.7,0,12,3435,19,555,113,27,38
18625,7903,W,2014,06/09/2014 00:00,11,7,East of England,Hertfordshire,M25,1,20,21,51.71406567,-0.40920569,4.7,0,10,3383,26,633,115,35,30
18626,7903,W,2014,06/09/2014 00:00,12,7,East of England,Hertfordshire,M25,1,20,21,51.71406567,-0.40920569,4.7,0,10,3100,12,589,145,33,39
18627,7903,E,2014,06/09/2014 00:00,13,7,East of England,Hertfordshire,M25,1,20,21,51.71406567,-0.40920569,4.7,0,13,3097,10,820,184,44,47
18628,7903,E,2014,06/09/2014 00:00,14,7,East of England,Hertfordshire,M25,1,20,21,51.71406567,-0.40920569,4.7,0,18,3208,24,995,208,31,61
18629,7903,E,2014,06/09/2014 00:00,15,7,East of England,Hertfordshire,M25,1,20,21,51.71406567,-0.40920569,4.7,0,13,3491,12,1180,182,38,38
18630,7903,E,2014,06/09/2014 00:00,16,7,East of England,Hertfordshire,M25,1,20,21,51.71406567,-0.40920569,4.7,0,22,4079,17,1231,136,21,17
18631,7903,E,2014,06/09/2014 00:00,17,7,East of England,Hertfordshire,M25,1,20,21,51.71406567,-0.40920569,4.7,0,22,4525,18,849,104,22,10
18632,7903,E,2014,06/09/2014 00:00,18,7,East of England,Hertfordshire,M25,1,20,21,51.71406567,-0.40920569,4.7,0,24,4322,12,508,70,21,10
18633,16073,N,2014,10/21/2014 0:00,7,7,East of England,Central Bedfordshire,A1,3,End of A1M,A6001 Holme Green,52.06499951,-0.238332219,6.8,0,4,1009,4,229,29,5,7
18634,16073,N,2014,10/21/2014 0:00,8,7,East of England,Central Bedfordshire,A1,3,End of A1M,A6001 Holme Green,52.06499951,-0.238332219,6.8,0,4,1125,3,177,35,5,11
18635,16073,N,2014,10/21/2014 0:00,9,7,East of England,Central Bedfordshire,A1,3,End of A1M,A6001 Holme Green,52.06499951,-0.238332219,6.8,0,2,783,2,174,37,10,10
18636,16073,N,2014,10/21/2014 0:00,10,7,East of England,Central Bedfordshire,A1,3,End of A1M,A6001 Holme Green,52.06499951,-0.238332219,6.8,0,0,667,0,192,30,9,15
18637,16073,N,2014,10/21/2014 0:00,11,7,East of England,Central Bedfordshire,A1,3,End of A1M,A6001 Holme Green,52.06499951,-0.238332219,6.8,0,0,734,2,187,62,10,12
18638,16073,N,2014,10/21/2014 0:00,12,7,East of England,Central Bedfordshire,A1,3,End of A1M,A6001 Holme Green,52.06499951,-0.238332219,6.8,0,3,740,1,207,56,13,11
18639,16073,S,2014,10/21/2014 0:00,13,7,East of England,Central Bedfordshire,A1,3,End of A1M,A6001 Holme Green,52.06499951,-0.238332219,6.8,0,6,753,1,151,60,7,13
18640,16073,S,2014,10/21/2014 0:00,14,7,East of England,Central Bedfordshire,A1,3,End of A1M,A6001 Holme Green,52.06499951,-0.238332219,6.8,0,2,704,1,169,76,8,14
18641,37625,E,2014,09/10/2014 00:00,10,7,East of England,Suffolk,A1302,4,A134,A143,52.23534253,0.72243571,1.3,4,6,273,1,28,1,1,0
18642,37625,E,2014,09/10/2014 00:00,11,7,East of England,Suffolk,A1302,4,A134,A143,52.23534253,0.72243571,1.3,2,2,397,3,41,7,1,0
18643,37625,E,2014,09/10/2014 00:00,12,7,East of England,Suffolk,A1302,4,A134,A143,52.23534253,0.72243571,1.3,8,10,376,1,38,5,2,0
18644,37625,W,2014,09/10/2014 00:00,13,7,East of England,Suffolk,A1302,4,A134,A143,52.23534253,0.72243571,1.3,4,4,328,3,33,8,1,0
18645,37625,W,2014,09/10/2014 00:00,14,7,East of England,Suffolk,A1302,4,A134,A143,52.23534253,0.72243571,1.3,6,9,340,6,38,12,5,0
18646,37625,W,2014,09/10/2014 00:00,15,7,East of England,Suffolk,A1302,4,A134,A143,52.23534253,0.72243571,1.3,7,1,394,7,42,1,2,0
18647,37625,W,2014,09/10/2014 00:00,16,7,East of England,Suffolk,A1302,4,A134,A143,52.23534253,0.72243571,1.3,3,5,330,6,32,7,0,0
18648,37625,W,2014,09/10/2014 00:00,17,7,East of England,Suffolk,A1302,4,A134,A143,52.23534253,0.72243571,1.3,11,6,343,4,40,1,0,0
18649,37625,W,2014,09/10/2014 00:00,18,7,East of England,Suffolk,A1302,4,A134,A143,52.23534253,0.72243571,1.3,6,5,310,3,17,0,0,0
18650,37625,W,2014,09/10/2014 00:00,7,7,East of England,Suffolk,A1302,4,A134,A143,52.23534253,0.72243571,1.3,7,5,304,2,52,0,3,3
18651,37625,W,2014,09/10/2014 00:00,8,7,East of England,Suffolk,A1302,4,A134,A143,52.23534253,0.72243571,1.3,36,14,727,8,53,7,4,0
18652,37625,W,2014,09/10/2014 00:00,9,7,East of England,Suffolk,A1302,4,A134,A143,52.23534253,0.72243571,1.3,4,6,505,5,39,3,3,0
18653,37625,W,2014,09/10/2014 00:00,10,7,East of England,Suffolk,A1302,4,A134,A143,52.23534253,0.72243571,1.3,4,2,434,6,40,6,2,0
18654,37625,W,2014,09/10/2014 00:00,11,7,East of England,Suffolk,A1302,4,A134,A143,52.23534253,0.72243571,1.3,5,3,407,2,41,10,5,2
18655,37625,W,2014,09/10/2014 00:00,12,7,East of England,Suffolk,A1302,4,A134,A143,52.23534253,0.72243571,1.3,2,2,327,2,25,8,5,0
18656,37625,E,2014,09/10/2014 00:00,13,7,East of England,Suffolk,A1302,4,A134,A143,52.23534253,0.72243571,1.3,4,6,324,5,36,3,0,0
18657,37625,E,2014,09/10/2014 00:00,14,7,East of England,Suffolk,A1302,4,A134,A143,52.23534253,0.72243571,1.3,9,10,457,3,55,8,0,0
18658,37625,E,2014,09/10/2014 00:00,15,7,East of England,Suffolk,A1302,4,A134,A143,52.23534253,0.72243571,1.3,16,3,348,3,47,4,0,0
18659,37625,E,2014,09/10/2014 00:00,16,7,East of England,Suffolk,A1302,4,A134,A143,52.23534253,0.72243571,1.3,8,4,309,5,23,3,0,0
18660,37625,E,2014,09/10/2014 00:00,17,7,East of England,Suffolk,A1302,4,A134,A143,52.23534253,0.72243571,1.3,12,7,314,5,26,3,1,1
18661,37625,E,2014,09/10/2014 00:00,18,7,East of England,Suffolk,A1302,4,A134,A143,52.23534253,0.72243571,1.3,3,4,308,0,21,2,0,0
18662,36398,N,2014,9/30/2014 0:00,7,10,West Midlands,Staffordshire,A38,4,A5,A5148,52.65472678,-1.809851092,2.8,0,3,932,1,159,47,6,12
18663,36398,N,2014,9/30/2014 0:00,8,10,West Midlands,Staffordshire,A38,4,A5,A5148,52.65472678,-1.809851092,2.8,0,1,1341,3,177,36,7,10
18664,36398,N,2014,9/30/2014 0:00,9,10,West Midlands,Staffordshire,A38,4,A5,A5148,52.65472678,-1.809851092,2.8,0,5,683,2,132,30,5,12
18665,36398,N,2014,9/30/2014 0:00,10,10,West Midlands,Staffordshire,A38,4,A5,A5148,52.65472678,-1.809851092,2.8,0,2,587,9,152,38,2,15
18666,36398,N,2014,9/30/2014 0:00,11,10,West Midlands,Staffordshire,A38,4,A5,A5148,52.65472678,-1.809851092,2.8,0,2,528,2,147,40,5,9
18667,36398,N,2014,9/30/2014 0:00,12,10,West Midlands,Staffordshire,A38,4,A5,A5148,52.65472678,-1.809851092,2.8,0,1,618,2,155,52,6,11
18668,36398,S,2014,9/30/2014 0:00,13,10,West Midlands,Staffordshire,A38,4,A5,A5148,52.65472678,-1.809851092,2.8,0,5,739,2,137,26,7,15
18669,36398,S,2014,9/30/2014 0:00,14,10,West Midlands,Staffordshire,A38,4,A5,A5148,52.65472678,-1.809851092,2.8,0,8,681,1,135,40,3,8
18670,36398,S,2014,9/30/2014 0:00,15,10,West Midlands,Staffordshire,A38,4,A5,A5148,52.65472678,-1.809851092,2.8,0,3,800,5,173,40,8,8
18671,36398,S,2014,9/30/2014 0:00,16,10,West Midlands,Staffordshire,A38,4,A5,A5148,52.65472678,-1.809851092,2.8,0,6,1013,5,181,53,5,5
18672,36398,S,2014,9/30/2014 0:00,17,10,West Midlands,Staffordshire,A38,4,A5,A5148,52.65472678,-1.809851092,2.8,0,11,1424,2,136,21,2,3
18673,36398,S,2014,9/30/2014 0:00,18,10,West Midlands,Staffordshire,A38,4,A5,A5148,52.65472678,-1.809851092,2.8,0,13,1005,2,104,14,2,0
18674,36398,S,2014,9/30/2014 0:00,7,10,West Midlands,Staffordshire,A38,4,A5,A5148,52.65472678,-1.809851092,2.8,0,9,2004,0,226,52,6,9
18675,36398,S,2014,9/30/2014 0:00,8,10,West Midlands,Staffordshire,A38,4,A5,A5148,52.65472678,-1.809851092,2.8,0,12,1628,3,213,52,7,12
18676,36398,S,2014,9/30/2014 0:00,9,10,West Midlands,Staffordshire,A38,4,A5,A5148,52.65472678,-1.809851092,2.8,0,4,921,5,150,43,4,9
18677,36398,S,2014,9/30/2014 0:00,10,10,West Midlands,Staffordshire,A38,4,A5,A5148,52.65472678,-1.809851092,2.8,0,2,736,2,155,37,8,14
18678,36398,S,2014,9/30/2014 0:00,11,10,West Midlands,Staffordshire,A38,4,A5,A5148,52.65472678,-1.809851092,2.8,0,4,649,1,136,30,2,7
18679,36398,S,2014,9/30/2014 0:00,12,10,West Midlands,Staffordshire,A38,4,A5,A5148,52.65472678,-1.809851092,2.8,0,6,606,0,151,23,4,8
18680,36398,N,2014,9/30/2014 0:00,13,10,West Midlands,Staffordshire,A38,4,A5,A5148,52.65472678,-1.809851092,2.8,0,14,711,0,145,32,7,9
18681,36398,N,2014,9/30/2014 0:00,14,10,West Midlands,Staffordshire,A38,4,A5,A5148,52.65472678,-1.809851092,2.8,0,6,807,4,203,37,0,6
18682,36398,N,2014,9/30/2014 0:00,15,10,West Midlands,Staffordshire,A38,4,A5,A5148,52.65472678,-1.809851092,2.8,0,1,983,5,240,40,5,8
18683,36398,N,2014,9/30/2014 0:00,16,10,West Midlands,Staffordshire,A38,4,A5,A5148,52.65472678,-1.809851092,2.8,0,15,1565,0,288,56,5,4
18684,36398,N,2014,9/30/2014 0:00,17,10,West Midlands,Staffordshire,A38,4,A5,A5148,52.65472678,-1.809851092,2.8,0,19,1655,1,170,24,2,2
18685,36398,N,2014,9/30/2014 0:00,18,10,West Midlands,Staffordshire,A38,4,A5,A5148,52.65472678,-1.809851092,2.8,0,16,1758,1,151,22,0,0
18686,40810,N,2014,6/25/2014 0:00,7,3,Scotland,Glasgow City,M8,1,18,17,55.86617849,-4.271505582,1.1,0,11,3804,6,965,84,23,20
18687,40810,N,2014,6/25/2014 0:00,8,3,Scotland,Glasgow City,M8,1,18,17,55.86617849,-4.271505582,1.1,0,10,4008,16,598,66,31,24
18688,40810,N,2014,6/25/2014 0:00,9,3,Scotland,Glasgow City,M8,1,18,17,55.86617849,-4.271505582,1.1,0,2,3018,16,688,89,46,39
18689,40810,N,2014,6/25/2014 0:00,10,3,Scotland,Glasgow City,M8,1,18,17,55.86617849,-4.271505582,1.1,0,4,2448,25,662,118,55,38
18690,40810,N,2014,6/25/2014 0:00,11,3,Scotland,Glasgow City,M8,1,18,17,55.86617849,-4.271505582,1.1,0,7,2615,3,685,130,33,44
18691,40810,N,2014,6/25/2014 0:00,12,3,Scotland,Glasgow City,M8,1,18,17,55.86617849,-4.271505582,1.1,0,2,2806,11,650,105,41,32
18692,40810,S,2014,6/25/2014 0:00,13,3,Scotland,Glasgow City,M8,1,18,17,55.86617849,-4.271505582,1.1,0,7,3414,12,644,103,22,38
18693,40810,S,2014,6/25/2014 0:00,14,3,Scotland,Glasgow City,M8,1,18,17,55.86617849,-4.271505582,1.1,0,7,3401,14,752,129,23,38
18694,40810,S,2014,6/25/2014 0:00,15,3,Scotland,Glasgow City,M8,1,18,17,55.86617849,-4.271505582,1.1,0,4,3463,17,797,110,25,30
18695,40810,S,2014,6/25/2014 0:00,16,3,Scotland,Glasgow City,M8,1,18,17,55.86617849,-4.271505582,1.1,0,9,3578,20,631,62,15,20
18696,40810,S,2014,6/25/2014 0:00,17,3,Scotland,Glasgow City,M8,1,18,17,55.86617849,-4.271505582,1.1,0,12,2730,2,321,23,4,6
18697,40810,S,2014,6/25/2014 0:00,18,3,Scotland,Glasgow City,M8,1,18,17,55.86617849,-4.271505582,1.1,0,9,3248,14,364,28,5,4
18698,40810,S,2014,6/25/2014 0:00,7,3,Scotland,Glasgow City,M8,1,18,17,55.86617849,-4.271505582,1.1,0,16,3631,11,1107,100,40,34
18699,40810,S,2014,6/25/2014 0:00,8,3,Scotland,Glasgow City,M8,1,18,17,55.86617849,-4.271505582,1.1,0,17,3864,17,807,85,17,24
18700,40810,S,2014,6/25/2014 0:00,9,3,Scotland,Glasgow City,M8,1,18,17,55.86617849,-4.271505582,1.1,0,12,3023,21,742,112,33,32
18701,40810,S,2014,6/25/2014 0:00,10,3,Scotland,Glasgow City,M8,1,18,17,55.86617849,-4.271505582,1.1,0,7,2606,16,691,96,40,46
18702,40810,S,2014,6/25/2014 0:00,11,3,Scotland,Glasgow City,M8,1,18,17,55.86617849,-4.271505582,1.1,0,8,2846,13,697,128,39,27
18703,40810,S,2014,6/25/2014 0:00,12,3,Scotland,Glasgow City,M8,1,18,17,55.86617849,-4.271505582,1.1,0,3,3337,9,710,107,22,26
18704,40810,N,2014,6/25/2014 0:00,13,3,Scotland,Glasgow City,M8,1,18,17,55.86617849,-4.271505582,1.1,0,9,2981,11,664,102,50,39
18705,40810,N,2014,6/25/2014 0:00,14,3,Scotland,Glasgow City,M8,1,18,17,55.86617849,-4.271505582,1.1,0,7,2989,7,627,96,48,37
18706,40810,N,2014,6/25/2014 0:00,15,3,Scotland,Glasgow City,M8,1,18,17,55.86617849,-4.271505582,1.1,0,5,2974,5,768,105,27,42
18707,40810,N,2014,6/25/2014 0:00,16,3,Scotland,Glasgow City,M8,1,18,17,55.86617849,-4.271505582,1.1,0,13,2926,3,604,59,19,20
18708,40810,N,2014,6/25/2014 0:00,17,3,Scotland,Glasgow City,M8,1,18,17,55.86617849,-4.271505582,1.1,0,14,3224,3,392,32,11,4
18709,40810,N,2014,6/25/2014 0:00,18,3,Scotland,Glasgow City,M8,1,18,17,55.86617849,-4.271505582,1.1,0,5,3309,3,298,40,8,6
18710,36055,W,2014,6/19/2014 0:00,13,8,Yorkshire and the Humber,Leeds,M62,1,28,29,53.73319833,-1.563398843,4.5,0,14,2335,6,649,193,33,18
18711,36055,W,2014,6/19/2014 0:00,14,8,Yorkshire and the Humber,Leeds,M62,1,28,29,53.73319833,-1.563398843,4.5,0,17,2824,9,673,216,42,33
18712,36055,W,2014,6/19/2014 0:00,15,8,Yorkshire and the Humber,Leeds,M62,1,28,29,53.73319833,-1.563398843,4.5,0,12,2736,5,885,158,32,21
18713,36055,W,2014,6/19/2014 0:00,16,8,Yorkshire and the Humber,Leeds,M62,1,28,29,53.73319833,-1.563398843,4.5,0,18,3714,22,976,227,23,28
18714,36055,W,2014,6/19/2014 0:00,17,8,Yorkshire and the Humber,Leeds,M62,1,28,29,53.73319833,-1.563398843,4.5,0,10,3801,12,713,139,25,12
18715,36055,W,2014,6/19/2014 0:00,18,8,Yorkshire and the Humber,Leeds,M62,1,28,29,53.73319833,-1.563398843,4.5,0,19,2855,14,428,105,10,7
18716,36055,W,2014,6/19/2014 0:00,7,8,Yorkshire and the Humber,Leeds,M62,1,28,29,53.73319833,-1.563398843,4.5,0,19,3433,6,797,198,40,30
18717,36055,W,2014,6/19/2014 0:00,8,8,Yorkshire and the Humber,Leeds,M62,1,28,29,53.73319833,-1.563398843,4.5,0,7,3388,11,677,183,37,30
18718,36055,W,2014,6/19/2014 0:00,9,8,Yorkshire and the Humber,Leeds,M62,1,28,29,53.73319833,-1.563398843,4.5,0,6,2606,20,669,172,40,22
18719,36055,W,2014,6/19/2014 0:00,10,8,Yorkshire and the Humber,Leeds,M62,1,28,29,53.73319833,-1.563398843,4.5,0,5,2101,12,570,173,28,27
18720,36055,W,2014,6/19/2014 0:00,11,8,Yorkshire and the Humber,Leeds,M62,1,28,29,53.73319833,-1.563398843,4.5,0,14,2090,15,580,221,37,23
18721,36055,W,2014,6/19/2014 0:00,12,8,Yorkshire and the Humber,Leeds,M62,1,28,29,53.73319833,-1.563398843,4.5,0,3,2186,5,650,217,31,23
18722,36055,E,2014,6/19/2014 0:00,13,8,Yorkshire and the Humber,Leeds,M62,1,28,29,53.73319833,-1.563398843,4.5,0,13,2380,5,608,187,27,20
18723,36055,E,2014,6/19/2014 0:00,14,8,Yorkshire and the Humber,Leeds,M62,1,28,29,53.73319833,-1.563398843,4.5,0,18,2683,25,633,200,33,24
18724,36055,E,2014,6/19/2014 0:00,15,8,Yorkshire and the Humber,Leeds,M62,1,28,29,53.73319833,-1.563398843,4.5,0,33,3094,19,510,132,25,20
18725,36055,E,2014,6/19/2014 0:00,16,8,Yorkshire and the Humber,Leeds,M62,1,28,29,53.73319833,-1.563398843,4.5,0,25,4065,9,800,135,23,10
18726,36055,E,2014,6/19/2014 0:00,17,8,Yorkshire and the Humber,Leeds,M62,1,28,29,53.73319833,-1.563398843,4.5,0,22,4321,8,490,99,11,8
18727,36055,E,2014,6/19/2014 0:00,18,8,Yorkshire and the Humber,Leeds,M62,1,28,29,53.73319833,-1.563398843,4.5,0,23,2921,5,296,45,12,3
18728,36055,E,2014,6/19/2014 0:00,7,8,Yorkshire and the Humber,Leeds,M62,1,28,29,53.73319833,-1.563398843,4.5,0,18,3607,5,1023,254,34,46
18729,36055,E,2014,6/19/2014 0:00,8,8,Yorkshire and the Humber,Leeds,M62,1,28,29,53.73319833,-1.563398843,4.5,0,12,3676,3,739,363,31,34
18730,36055,E,2014,6/19/2014 0:00,9,8,Yorkshire and the Humber,Leeds,M62,1,28,29,53.73319833,-1.563398843,4.5,0,3,2417,29,659,194,22,31
18731,36055,E,2014,6/19/2014 0:00,10,8,Yorkshire and the Humber,Leeds,M62,1,28,29,53.73319833,-1.563398843,4.5,0,7,2444,27,531,163,41,19
18732,36055,E,2014,6/19/2014 0:00,11,8,Yorkshire and the Humber,Leeds,M62,1,28,29,53.73319833,-1.563398843,4.5,0,8,2202,4,577,156,33,24
18733,36055,E,2014,6/19/2014 0:00,12,8,Yorkshire and the Humber,Leeds,M62,1,28,29,53.73319833,-1.563398843,4.5,0,16,2283,10,637,198,30,20
18734,36064,S,2014,05/08/2014 00:00,13,11,North East,Durham,A1(M),1,63/A167,LA Boundary,54.87638616,-1.565164323,1.9,0,13,2072,10,484,95,30,37
18735,36064,S,2014,05/08/2014 00:00,14,11,North East,Durham,A1(M),1,63/A167,LA Boundary,54.87638616,-1.565164323,1.9,0,9,2268,16,485,66,35,33
18736,36064,S,2014,05/08/2014 00:00,15,11,North East,Durham,A1(M),1,63/A167,LA Boundary,54.87638616,-1.565164323,1.9,0,12,2703,9,609,73,19,19
18737,36064,S,2014,05/08/2014 00:00,16,11,North East,Durham,A1(M),1,63/A167,LA Boundary,54.87638616,-1.565164323,1.9,0,18,3382,11,630,58,11,8
18738,36064,S,2014,05/08/2014 00:00,17,11,North East,Durham,A1(M),1,63/A167,LA Boundary,54.87638616,-1.565164323,1.9,0,16,3611,9,379,42,14,0
18739,36064,S,2014,05/08/2014 00:00,18,11,North East,Durham,A1(M),1,63/A167,LA Boundary,54.87638616,-1.565164323,1.9,0,5,2701,9,244,28,3,1
18740,36064,S,2014,05/08/2014 00:00,7,11,North East,Durham,A1(M),1,63/A167,LA Boundary,54.87638616,-1.565164323,1.9,0,10,3354,5,701,91,21,16
18741,36064,S,2014,05/08/2014 00:00,8,11,North East,Durham,A1(M),1,63/A167,LA Boundary,54.87638616,-1.565164323,1.9,0,3,2751,11,528,88,26,43
18742,36064,S,2014,05/08/2014 00:00,9,11,North East,Durham,A1(M),1,63/A167,LA Boundary,54.87638616,-1.565164323,1.9,0,5,1864,22,443,94,27,28
18743,36064,S,2014,05/08/2014 00:00,10,11,North East,Durham,A1(M),1,63/A167,LA Boundary,54.87638616,-1.565164323,1.9,0,6,1516,9,398,86,26,38
18744,36064,S,2014,05/08/2014 00:00,11,11,North East,Durham,A1(M),1,63/A167,LA Boundary,54.87638616,-1.565164323,1.9,0,5,1744,8,384,85,27,27
18745,36064,S,2014,05/08/2014 00:00,12,11,North East,Durham,A1(M),1,63/A167,LA Boundary,54.87638616,-1.565164323,1.9,0,7,1925,6,432,76,22,22
18746,36064,N,2014,05/08/2014 00:00,13,11,North East,Durham,A1(M),1,63/A167,LA Boundary,54.87638616,-1.565164323,1.9,0,4,1830,10,417,65,23,54
18747,36064,N,2014,05/08/2014 00:00,14,11,North East,Durham,A1(M),1,63/A167,LA Boundary,54.87638616,-1.565164323,1.9,0,5,1939,17,420,66,18,64
18748,36064,N,2014,05/08/2014 00:00,15,11,North East,Durham,A1(M),1,63/A167,LA Boundary,54.87638616,-1.565164323,1.9,0,4,2145,11,536,77,16,30
18749,36064,N,2014,05/08/2014 00:00,16,11,North East,Durham,A1(M),1,63/A167,LA Boundary,54.87638616,-1.565164323,1.9,0,2,3009,12,505,68,14,21
18750,36064,N,2014,05/08/2014 00:00,17,11,North East,Durham,A1(M),1,63/A167,LA Boundary,54.87638616,-1.565164323,1.9,0,13,3231,6,347,29,6,3
18751,36064,N,2014,05/08/2014 00:00,18,11,North East,Durham,A1(M),1,63/A167,LA Boundary,54.87638616,-1.565164323,1.9,0,7,2573,6,232,39,6,1
18752,36064,N,2014,05/08/2014 00:00,7,11,North East,Durham,A1(M),1,63/A167,LA Boundary,54.87638616,-1.565164323,1.9,0,14,3277,9,847,90,38,33
18753,36064,N,2014,05/08/2014 00:00,8,11,North East,Durham,A1(M),1,63/A167,LA Boundary,54.87638616,-1.565164323,1.9,0,13,2513,14,545,96,30,21
18754,36064,N,2014,05/08/2014 00:00,9,11,North East,Durham,A1(M),1,63/A167,LA Boundary,54.87638616,-1.565164323,1.9,0,9,2336,13,443,86,20,27
18755,36064,N,2014,05/08/2014 00:00,10,11,North East,Durham,A1(M),1,63/A167,LA Boundary,54.87638616,-1.565164323,1.9,0,4,1914,11,472,76,28,27
18756,36064,N,2014,05/08/2014 00:00,11,11,North East,Durham,A1(M),1,63/A167,LA Boundary,54.87638616,-1.565164323,1.9,0,6,1846,16,440,72,28,37
18757,36064,N,2014,05/08/2014 00:00,12,11,North East,Durham,A1(M),1,63/A167,LA Boundary,54.87638616,-1.565164323,1.9,0,5,1820,7,379,68,22,69
18758,36296,E,2014,10/06/2014 00:00,7,9,South East,Hampshire,A27,3,A3023,A259,50.84709351,-0.970847739,1.4,0,22,1534,4,510,75,19,12
18759,36296,E,2014,10/06/2014 00:00,8,9,South East,Hampshire,A27,3,A3023,A259,50.84709351,-0.970847739,1.4,0,13,1588,7,456,60,13,9
18760,36296,E,2014,10/06/2014 00:00,9,9,South East,Hampshire,A27,3,A3023,A259,50.84709351,-0.970847739,1.4,0,3,1119,5,354,68,21,10
18761,36296,E,2014,10/06/2014 00:00,10,9,South East,Hampshire,A27,3,A3023,A259,50.84709351,-0.970847739,1.4,0,2,923,6,253,48,5,7
18762,36296,E,2014,10/06/2014 00:00,11,9,South East,Hampshire,A27,3,A3023,A259,50.84709351,-0.970847739,1.4,0,4,1317,0,368,67,27,13
18763,36296,E,2014,10/06/2014 00:00,12,9,South East,Hampshire,A27,3,A3023,A259,50.84709351,-0.970847739,1.4,0,5,1438,1,311,65,9,6
18764,36296,W,2014,10/06/2014 00:00,13,9,South East,Hampshire,A27,3,A3023,A259,50.84709351,-0.970847739,1.4,0,5,1363,2,434,59,20,14
18765,36296,W,2014,10/06/2014 00:00,14,9,South East,Hampshire,A27,3,A3023,A259,50.84709351,-0.970847739,1.4,0,4,1364,2,452,64,17,19
18766,36296,W,2014,10/06/2014 00:00,15,9,South East,Hampshire,A27,3,A3023,A259,50.84709351,-0.970847739,1.4,0,8,1485,8,507,53,18,25
18767,36296,W,2014,10/06/2014 00:00,16,9,South East,Hampshire,A27,3,A3023,A259,50.84709351,-0.970847739,1.4,0,5,1695,2,550,45,14,17
18768,36296,W,2014,10/06/2014 00:00,17,9,South East,Hampshire,A27,3,A3023,A259,50.84709351,-0.970847739,1.4,0,26,2048,4,380,30,4,4
18769,36296,W,2014,10/06/2014 00:00,18,9,South East,Hampshire,A27,3,A3023,A259,50.84709351,-0.970847739,1.4,0,15,1541,3,162,14,5,1
18770,36296,W,2014,10/06/2014 00:00,7,9,South East,Hampshire,A27,3,A3023,A259,50.84709351,-0.970847739,1.4,0,26,2420,3,471,31,4,8
18771,36296,W,2014,10/06/2014 00:00,8,9,South East,Hampshire,A27,3,A3023,A259,50.84709351,-0.970847739,1.4,0,13,2321,4,382,50,7,10
18772,36296,W,2014,10/06/2014 00:00,9,9,South East,Hampshire,A27,3,A3023,A259,50.84709351,-0.970847739,1.4,0,21,1701,8,333,48,16,7
18773,36296,W,2014,10/06/2014 00:00,10,9,South East,Hampshire,A27,3,A3023,A259,50.84709351,-0.970847739,1.4,0,4,1707,10,356,41,12,14
18774,36296,W,2014,10/06/2014 00:00,11,9,South East,Hampshire,A27,3,A3023,A259,50.84709351,-0.970847739,1.4,0,1,1550,11,397,65,21,7
18775,36296,W,2014,10/06/2014 00:00,12,9,South East,Hampshire,A27,3,A3023,A259,50.84709351,-0.970847739,1.4,0,4,1553,7,405,49,15,20
18776,36296,E,2014,10/06/2014 00:00,13,9,South East,Hampshire,A27,3,A3023,A259,50.84709351,-0.970847739,1.4,0,1,1258,2,310,35,24,23
18777,36296,E,2014,10/06/2014 00:00,14,9,South East,Hampshire,A27,3,A3023,A259,50.84709351,-0.970847739,1.4,0,3,1090,6,266,27,15,8
18778,36296,E,2014,10/06/2014 00:00,15,9,South East,Hampshire,A27,3,A3023,A259,50.84709351,-0.970847739,1.4,0,5,1369,7,283,34,11,8
18779,36296,E,2014,10/06/2014 00:00,16,9,South East,Hampshire,A27,3,A3023,A259,50.84709351,-0.970847739,1.4,0,15,2239,4,343,18,2,5
18780,36296,E,2014,10/06/2014 00:00,17,9,South East,Hampshire,A27,3,A3023,A259,50.84709351,-0.970847739,1.4,0,25,2770,8,321,20,1,0
18781,36296,E,2014,10/06/2014 00:00,18,9,South East,Hampshire,A27,3,A3023,A259,50.84709351,-0.970847739,1.4,0,18,1996,4,176,12,3,1
18782,27104,E,2014,6/24/2014 0:00,7,7,East of England,Hertfordshire,A414,4,A1M / A1001 / A6129,A1000 (midpoint),51.77734433,-0.219986019,1.6,1,6,1023,10,266,14,9,24
18783,27104,E,2014,6/24/2014 0:00,8,7,East of England,Hertfordshire,A414,4,A1M / A1001 / A6129,A1000 (midpoint),51.77734433,-0.219986019,1.6,3,8,1201,10,173,26,4,12
18784,27104,E,2014,6/24/2014 0:00,9,7,East of England,Hertfordshire,A414,4,A1M / A1001 / A6129,A1000 (midpoint),51.77734433,-0.219986019,1.6,0,6,910,15,151,51,12,48
18785,27104,E,2014,6/24/2014 0:00,10,7,East of England,Hertfordshire,A414,4,A1M / A1001 / A6129,A1000 (midpoint),51.77734433,-0.219986019,1.6,1,2,575,5,155,23,9,36
18786,27104,E,2014,6/24/2014 0:00,11,7,East of England,Hertfordshire,A414,4,A1M / A1001 / A6129,A1000 (midpoint),51.77734433,-0.219986019,1.6,1,4,649,6,194,30,4,36
18787,27104,E,2014,6/24/2014 0:00,12,7,East of England,Hertfordshire,A414,4,A1M / A1001 / A6129,A1000 (midpoint),51.77734433,-0.219986019,1.6,1,7,750,5,166,23,6,30
18788,27104,W,2014,6/24/2014 0:00,13,7,East of England,Hertfordshire,A414,4,A1M / A1001 / A6129,A1000 (midpoint),51.77734433,-0.219986019,1.6,2,3,754,5,177,33,2,48
18789,27104,W,2014,6/24/2014 0:00,14,7,East of England,Hertfordshire,A414,4,A1M / A1001 / A6129,A1000 (midpoint),51.77734433,-0.219986019,1.6,1,4,793,4,155,30,2,45
18790,27104,W,2014,6/24/2014 0:00,15,7,East of England,Hertfordshire,A414,4,A1M / A1001 / A6129,A1000 (midpoint),51.77734433,-0.219986019,1.6,0,5,839,5,175,36,3,27
18791,27104,W,2014,6/24/2014 0:00,16,7,East of England,Hertfordshire,A414,4,A1M / A1001 / A6129,A1000 (midpoint),51.77734433,-0.219986019,1.6,2,12,1189,4,193,37,1,12
18792,27104,W,2014,6/24/2014 0:00,17,7,East of England,Hertfordshire,A414,4,A1M / A1001 / A6129,A1000 (midpoint),51.77734433,-0.219986019,1.6,4,9,1245,4,109,17,2,1
18793,27104,W,2014,6/24/2014 0:00,18,7,East of England,Hertfordshire,A414,4,A1M / A1001 / A6129,A1000 (midpoint),51.77734433,-0.219986019,1.6,3,10,907,4,76,16,1,1
18794,27104,W,2014,6/24/2014 0:00,7,7,East of England,Hertfordshire,A414,4,A1M / A1001 / A6129,A1000 (midpoint),51.77734433,-0.219986019,1.6,4,17,1260,5,268,22,4,19
18795,27104,W,2014,6/24/2014 0:00,8,7,East of England,Hertfordshire,A414,4,A1M / A1001 / A6129,A1000 (midpoint),51.77734433,-0.219986019,1.6,8,17,1277,6,157,41,1,21
18796,27104,W,2014,6/24/2014 0:00,9,7,East of England,Hertfordshire,A414,4,A1M / A1001 / A6129,A1000 (midpoint),51.77734433,-0.219986019,1.6,3,6,881,9,140,42,9,18
18797,27104,W,2014,6/24/2014 0:00,10,7,East of England,Hertfordshire,A414,4,A1M / A1001 / A6129,A1000 (midpoint),51.77734433,-0.219986019,1.6,2,3,716,13,151,38,9,36
18798,27104,W,2014,6/24/2014 0:00,11,7,East of England,Hertfordshire,A414,4,A1M / A1001 / A6129,A1000 (midpoint),51.77734433,-0.219986019,1.6,1,6,584,3,131,37,6,29
18799,27104,W,2014,6/24/2014 0:00,12,7,East of England,Hertfordshire,A414,4,A1M / A1001 / A6129,A1000 (midpoint),51.77734433,-0.219986019,1.6,0,7,776,3,158,47,7,28
18800,27104,E,2014,6/24/2014 0:00,13,7,East of England,Hertfordshire,A414,4,A1M / A1001 / A6129,A1000 (midpoint),51.77734433,-0.219986019,1.6,2,5,784,5,183,45,6,45
18801,27104,E,2014,6/24/2014 0:00,14,7,East of England,Hertfordshire,A414,4,A1M / A1001 / A6129,A1000 (midpoint),51.77734433,-0.219986019,1.6,1,8,859,9,178,24,1,50
18802,27104,E,2014,6/24/2014 0:00,15,7,East of England,Hertfordshire,A414,4,A1M / A1001 / A6129,A1000 (midpoint),51.77734433,-0.219986019,1.6,2,6,903,9,210,20,3,42
18803,27104,E,2014,6/24/2014 0:00,16,7,East of England,Hertfordshire,A414,4,A1M / A1001 / A6129,A1000 (midpoint),51.77734433,-0.219986019,1.6,1,11,1006,4,207,8,3,23
18804,27104,E,2014,6/24/2014 0:00,17,7,East of England,Hertfordshire,A414,4,A1M / A1001 / A6129,A1000 (midpoint),51.77734433,-0.219986019,1.6,1,23,1429,6,213,15,2,3
18805,27104,E,2014,6/24/2014 0:00,18,7,East of England,Hertfordshire,A414,4,A1M / A1001 / A6129,A1000 (midpoint),51.77734433,-0.219986019,1.6,1,4,1147,4,113,9,0,0
18806,20511,N,2014,5/20/2014 0:00,7,4,Wales,Monmouthshire,A40,3,B4293,A466,51.80987719,-2.712139559,0.8,3,0,875,6,218,30,9,8
18807,20511,N,2014,5/20/2014 0:00,8,4,Wales,Monmouthshire,A40,3,B4293,A466,51.80987719,-2.712139559,0.8,0,6,1011,19,220,34,9,7
18808,20511,N,2014,5/20/2014 0:00,9,4,Wales,Monmouthshire,A40,3,B4293,A466,51.80987719,-2.712139559,0.8,4,0,714,3,172,36,13,6
18809,20511,N,2014,5/20/2014 0:00,10,4,Wales,Monmouthshire,A40,3,B4293,A466,51.80987719,-2.712139559,0.8,0,1,629,9,139,44,9,11
18810,20511,N,2014,5/20/2014 0:00,11,4,Wales,Monmouthshire,A40,3,B4293,A466,51.80987719,-2.712139559,0.8,0,3,651,2,142,51,6,3
18811,20511,N,2014,5/20/2014 0:00,12,4,Wales,Monmouthshire,A40,3,B4293,A466,51.80987719,-2.712139559,0.8,0,1,622,1,152,43,9,5
18812,20511,S,2014,5/20/2014 0:00,13,4,Wales,Monmouthshire,A40,3,B4293,A466,51.80987719,-2.712139559,0.8,0,2,594,1,170,39,6,8
18813,20511,S,2014,5/20/2014 0:00,14,4,Wales,Monmouthshire,A40,3,B4293,A466,51.80987719,-2.712139559,0.8,0,4,586,5,216,56,2,8
18814,20511,S,2014,5/20/2014 0:00,15,4,Wales,Monmouthshire,A40,3,B4293,A466,51.80987719,-2.712139559,0.8,0,4,933,17,201,31,15,11
18815,20511,S,2014,5/20/2014 0:00,16,4,Wales,Monmouthshire,A40,3,B4293,A466,51.80987719,-2.712139559,0.8,3,4,975,14,227,33,6,2
18816,20511,S,2014,5/20/2014 0:00,17,4,Wales,Monmouthshire,A40,3,B4293,A466,51.80987719,-2.712139559,0.8,1,5,1008,8,204,19,6,1
18817,20511,S,2014,5/20/2014 0:00,18,4,Wales,Monmouthshire,A40,3,B4293,A466,51.80987719,-2.712139559,0.8,0,17,728,7,117,13,0,1
18818,20511,S,2014,5/20/2014 0:00,7,4,Wales,Monmouthshire,A40,3,B4293,A466,51.80987719,-2.712139559,0.8,4,2,867,1,220,65,23,7
18819,20511,S,2014,5/20/2014 0:00,8,4,Wales,Monmouthshire,A40,3,B4293,A466,51.80987719,-2.712139559,0.8,0,3,906,14,238,72,16,9
18820,20511,S,2014,5/20/2014 0:00,9,4,Wales,Monmouthshire,A40,3,B4293,A466,51.80987719,-2.712139559,0.8,0,2,773,17,219,54,7,8
18821,20511,S,2014,5/20/2014 0:00,10,4,Wales,Monmouthshire,A40,3,B4293,A466,51.80987719,-2.712139559,0.8,0,2,663,4,221,37,6,10
18822,20511,S,2014,5/20/2014 0:00,11,4,Wales,Monmouthshire,A40,3,B4293,A466,51.80987719,-2.712139559,0.8,1,3,646,7,130,26,8,8
18823,20511,S,2014,5/20/2014 0:00,12,4,Wales,Monmouthshire,A40,3,B4293,A466,51.80987719,-2.712139559,0.8,2,2,601,2,202,50,5,6
18824,20511,N,2014,5/20/2014 0:00,13,4,Wales,Monmouthshire,A40,3,B4293,A466,51.80987719,-2.712139559,0.8,1,2,661,4,142,34,10,6
18825,20511,N,2014,5/20/2014 0:00,14,4,Wales,Monmouthshire,A40,3,B4293,A466,51.80987719,-2.712139559,0.8,1,0,714,15,152,56,8,7
18826,20511,N,2014,5/20/2014 0:00,15,4,Wales,Monmouthshire,A40,3,B4293,A466,51.80987719,-2.712139559,0.8,0,4,837,10,165,39,7,6
18827,20511,N,2014,5/20/2014 0:00,16,4,Wales,Monmouthshire,A40,3,B4293,A466,51.80987719,-2.712139559,0.8,0,1,920,14,202,23,9,0
18828,20511,N,2014,5/20/2014 0:00,17,4,Wales,Monmouthshire,A40,3,B4293,A466,51.80987719,-2.712139559,0.8,1,4,1050,2,98,15,5,1
18829,20511,N,2014,5/20/2014 0:00,18,4,Wales,Monmouthshire,A40,3,B4293,A466,51.80987719,-2.712139559,0.8,1,4,653,0,92,18,0,0
18830,36028,N,2014,4/29/2014 0:00,7,5,North West,Wigan,M6,1,25,26,53.51323891,-2.687907533,4.4,0,1,2714,0,735,160,15,23
18831,36028,N,2014,4/29/2014 0:00,8,5,North West,Wigan,M6,1,25,26,53.51323891,-2.687907533,4.4,0,15,3045,1,616,129,23,22
18832,36028,N,2014,4/29/2014 0:00,9,5,North West,Wigan,M6,1,25,26,53.51323891,-2.687907533,4.4,0,4,1964,8,505,103,26,14
18833,36028,N,2014,4/29/2014 0:00,10,5,North West,Wigan,M6,1,25,26,53.51323891,-2.687907533,4.4,0,5,1621,8,465,86,23,21
18834,36028,N,2014,4/29/2014 0:00,11,5,North West,Wigan,M6,1,25,26,53.51323891,-2.687907533,4.4,0,5,1603,5,468,115,14,17
18835,36028,N,2014,4/29/2014 0:00,12,5,North West,Wigan,M6,1,25,26,53.51323891,-2.687907533,4.4,0,9,1625,3,503,86,19,14
18836,36028,S,2014,4/29/2014 0:00,13,5,North West,Wigan,M6,1,25,26,53.51323891,-2.687907533,4.4,0,13,1843,4,445,189,26,26
18837,36028,S,2014,4/29/2014 0:00,14,5,North West,Wigan,M6,1,25,26,53.51323891,-2.687907533,4.4,0,13,1857,12,496,113,29,15
18838,36028,S,2014,4/29/2014 0:00,15,5,North West,Wigan,M6,1,25,26,53.51323891,-2.687907533,4.4,0,16,2238,8,590,164,13,6
18839,36028,S,2014,4/29/2014 0:00,16,5,North West,Wigan,M6,1,25,26,53.51323891,-2.687907533,4.4,0,6,2982,5,666,111,7,19
18840,36028,S,2014,4/29/2014 0:00,17,5,North West,Wigan,M6,1,25,26,53.51323891,-2.687907533,4.4,0,20,3298,8,468,91,17,4
18841,36028,S,2014,4/29/2014 0:00,18,5,North West,Wigan,M6,1,25,26,53.51323891,-2.687907533,4.4,0,4,2077,1,275,27,13,1
18842,36028,S,2014,4/29/2014 0:00,7,5,North West,Wigan,M6,1,25,26,53.51323891,-2.687907533,4.4,0,9,2849,4,660,85,7,11
18843,36028,S,2014,4/29/2014 0:00,8,5,North West,Wigan,M6,1,25,26,53.51323891,-2.687907533,4.4,0,15,2377,7,477,103,16,14
18844,36028,S,2014,4/29/2014 0:00,9,5,North West,Wigan,M6,1,25,26,53.51323891,-2.687907533,4.4,0,13,2271,8,527,102,15,13
18845,36028,S,2014,4/29/2014 0:00,10,5,North West,Wigan,M6,1,25,26,53.51323891,-2.687907533,4.4,0,2,1770,4,439,87,29,10
18846,36028,S,2014,4/29/2014 0:00,11,5,North West,Wigan,M6,1,25,26,53.51323891,-2.687907533,4.4,0,24,1750,2,493,128,12,14
18847,36028,S,2014,4/29/2014 0:00,12,5,North West,Wigan,M6,1,25,26,53.51323891,-2.687907533,4.4,0,4,1843,3,505,106,20,10
18848,36028,N,2014,4/29/2014 0:00,13,5,North West,Wigan,M6,1,25,26,53.51323891,-2.687907533,4.4,0,7,1883,5,467,152,26,26
18849,36028,N,2014,4/29/2014 0:00,14,5,North West,Wigan,M6,1,25,26,53.51323891,-2.687907533,4.4,0,13,1938,12,524,116,19,18
18850,36028,N,2014,4/29/2014 0:00,15,5,North West,Wigan,M6,1,25,26,53.51323891,-2.687907533,4.4,0,7,2275,4,599,159,32,8
18851,36028,N,2014,4/29/2014 0:00,16,5,North West,Wigan,M6,1,25,26,53.51323891,-2.687907533,4.4,0,11,3474,5,778,63,15,24
18852,36028,N,2014,4/29/2014 0:00,17,5,North West,Wigan,M6,1,25,26,53.51323891,-2.687907533,4.4,0,19,3686,0,499,47,20,4
18853,36028,N,2014,4/29/2014 0:00,18,5,North West,Wigan,M6,1,25,26,53.51323891,-2.687907533,4.4,0,18,2957,5,359,25,12,2
18854,17480,W,2014,4/23/2014 0:00,18,7,East of England,Cambridgeshire,A1126,4,A14(T),A141,52.34190188,-0.206207416,0.9,0,1,751,0,66,11,1,1
18855,17480,E,2014,4/23/2014 0:00,7,7,East of England,Cambridgeshire,A1126,4,A14(T),A141,52.34190188,-0.206207416,0.9,0,2,669,1,171,27,5,10
18856,17480,E,2014,4/23/2014 0:00,8,7,East of England,Cambridgeshire,A1126,4,A14(T),A141,52.34190188,-0.206207416,0.9,0,3,1079,0,159,31,7,6
18857,17480,E,2014,4/23/2014 0:00,9,7,East of England,Cambridgeshire,A1126,4,A14(T),A141,52.34190188,-0.206207416,0.9,0,4,732,4,136,31,15,8
18858,17480,E,2014,4/23/2014 0:00,10,7,East of England,Cambridgeshire,A1126,4,A14(T),A141,52.34190188,-0.206207416,0.9,0,2,448,0,138,39,8,12
18859,17480,E,2014,4/23/2014 0:00,11,7,East of England,Cambridgeshire,A1126,4,A14(T),A141,52.34190188,-0.206207416,0.9,0,1,442,0,163,36,7,1
18860,17480,W,2014,4/23/2014 0:00,12,7,East of England,Cambridgeshire,A1126,4,A14(T),A141,52.34190188,-0.206207416,0.9,0,2,565,1,115,47,5,4
18861,17480,W,2014,4/23/2014 0:00,13,7,East of England,Cambridgeshire,A1126,4,A14(T),A141,52.34190188,-0.206207416,0.9,0,2,598,0,128,32,5,7
18862,17480,W,2014,4/23/2014 0:00,14,7,East of England,Cambridgeshire,A1126,4,A14(T),A141,52.34190188,-0.206207416,0.9,0,1,579,0,128,24,5,3
18863,17480,W,2014,4/23/2014 0:00,15,7,East of England,Cambridgeshire,A1126,4,A14(T),A141,52.34190188,-0.206207416,0.9,0,5,593,2,120,38,1,4
18864,17480,W,2014,4/23/2014 0:00,16,7,East of England,Cambridgeshire,A1126,4,A14(T),A141,52.34190188,-0.206207416,0.9,0,7,819,0,148,19,6,3
18865,17480,W,2014,4/23/2014 0:00,17,7,East of England,Cambridgeshire,A1126,4,A14(T),A141,52.34190188,-0.206207416,0.9,0,10,870,1,72,18,2,5
18866,17480,E,2014,4/23/2014 0:00,18,7,East of England,Cambridgeshire,A1126,4,A14(T),A141,52.34190188,-0.206207416,0.9,0,1,675,1,101,10,1,1
18867,17480,W,2014,4/23/2014 0:00,7,7,East of England,Cambridgeshire,A1126,4,A14(T),A141,52.34190188,-0.206207416,0.9,0,5,675,2,152,30,6,5
18868,36212,N,2014,10/14/2014 0:00,18,7,East of England,Essex,A12,3,A1023,A1016,51.69284285,0.413356652,8.4,0,10,1975,1,205,20,2,3
18869,17564,N,2014,10/20/2014 0:00,7,9,South East,Bracknell Forest,A3095,4,South Hill Rd,A329,51.39818905,-0.761596647,2.2,1,11,1486,2,192,21,1,1
18870,17564,N,2014,10/20/2014 0:00,8,9,South East,Bracknell Forest,A3095,4,South Hill Rd,A329,51.39818905,-0.761596647,2.2,1,22,1650,0,118,13,2,2
18871,17564,N,2014,10/20/2014 0:00,9,9,South East,Bracknell Forest,A3095,4,South Hill Rd,A329,51.39818905,-0.761596647,2.2,0,7,1063,0,128,28,1,4
18872,17564,N,2014,10/20/2014 0:00,10,9,South East,Bracknell Forest,A3095,4,South Hill Rd,A329,51.39818905,-0.761596647,2.2,0,2,608,0,74,15,4,5
18873,17564,N,2014,10/20/2014 0:00,11,9,South East,Bracknell Forest,A3095,4,South Hill Rd,A329,51.39818905,-0.761596647,2.2,0,3,569,0,86,18,2,4
18874,17564,N,2014,10/20/2014 0:00,12,9,South East,Bracknell Forest,A3095,4,South Hill Rd,A329,51.39818905,-0.761596647,2.2,0,2,618,0,96,23,2,4
18875,17564,S,2014,10/20/2014 0:00,13,9,South East,Bracknell Forest,A3095,4,South Hill Rd,A329,51.39818905,-0.761596647,2.2,0,7,754,1,108,21,4,3
18876,17564,S,2014,10/20/2014 0:00,14,9,South East,Bracknell Forest,A3095,4,South Hill Rd,A329,51.39818905,-0.761596647,2.2,0,7,669,1,109,13,4,2
18877,17564,S,2014,10/20/2014 0:00,15,9,South East,Bracknell Forest,A3095,4,South Hill Rd,A329,51.39818905,-0.761596647,2.2,0,6,781,0,143,6,2,1
18878,17564,S,2014,10/20/2014 0:00,16,9,South East,Bracknell Forest,A3095,4,South Hill Rd,A329,51.39818905,-0.761596647,2.2,0,11,1040,1,144,2,2,0
18879,17564,S,2014,10/20/2014 0:00,17,9,South East,Bracknell Forest,A3095,4,South Hill Rd,A329,51.39818905,-0.761596647,2.2,1,12,1240,0,78,3,2,0
18880,17564,S,2014,10/20/2014 0:00,18,9,South East,Bracknell Forest,A3095,4,South Hill Rd,A329,51.39818905,-0.761596647,2.2,0,6,1121,1,49,2,1,0
18881,17564,S,2014,10/20/2014 0:00,7,9,South East,Bracknell Forest,A3095,4,South Hill Rd,A329,51.39818905,-0.761596647,2.2,0,3,522,2,116,19,5,1
18882,17564,S,2014,10/20/2014 0:00,8,9,South East,Bracknell Forest,A3095,4,South Hill Rd,A329,51.39818905,-0.761596647,2.2,0,4,564,2,94,18,3,4
18883,17564,S,2014,10/20/2014 0:00,9,9,South East,Bracknell Forest,A3095,4,South Hill Rd,A329,51.39818905,-0.761596647,2.2,0,2,395,0,96,9,5,2
18884,17564,S,2014,10/20/2014 0:00,10,9,South East,Bracknell Forest,A3095,4,South Hill Rd,A329,51.39818905,-0.761596647,2.2,0,1,293,1,62,15,2,4
18885,17564,S,2014,10/20/2014 0:00,11,9,South East,Bracknell Forest,A3095,4,South Hill Rd,A329,51.39818905,-0.761596647,2.2,0,3,549,1,97,29,3,6
18886,17564,S,2014,10/20/2014 0:00,12,9,South East,Bracknell Forest,A3095,4,South Hill Rd,A329,51.39818905,-0.761596647,2.2,0,7,608,1,80,22,2,1
18887,17564,N,2014,10/20/2014 0:00,13,9,South East,Bracknell Forest,A3095,4,South Hill Rd,A329,51.39818905,-0.761596647,2.2,0,4,621,1,95,16,6,8
18888,17564,N,2014,10/20/2014 0:00,14,9,South East,Bracknell Forest,A3095,4,South Hill Rd,A329,51.39818905,-0.761596647,2.2,0,6,527,0,104,12,5,2
18889,17564,N,2014,10/20/2014 0:00,15,9,South East,Bracknell Forest,A3095,4,South Hill Rd,A329,51.39818905,-0.761596647,2.2,0,2,683,0,100,14,2,2
18890,17564,N,2014,10/20/2014 0:00,16,9,South East,Bracknell Forest,A3095,4,South Hill Rd,A329,51.39818905,-0.761596647,2.2,0,8,648,2,121,5,1,1
18891,17564,N,2014,10/20/2014 0:00,17,9,South East,Bracknell Forest,A3095,4,South Hill Rd,A329,51.39818905,-0.761596647,2.2,0,6,628,0,68,1,0,1
18892,17564,N,2014,10/20/2014 0:00,18,9,South East,Bracknell Forest,A3095,4,South Hill Rd,A329,51.39818905,-0.761596647,2.2,0,4,601,0,49,1,0,0
18893,37809,N,2014,06/09/2014 00:00,7,5,North West,Manchester,A5103,4,A60/A5103(T),A5145,53.42361912,-2.257283551,1,15,16,3078,44,241,27,4,1
18894,37809,N,2014,06/09/2014 00:00,8,5,North West,Manchester,A5103,4,A60/A5103(T),A5145,53.42361912,-2.257283551,1,15,15,2593,32,216,16,4,6
18895,37809,N,2014,06/09/2014 00:00,9,5,North West,Manchester,A5103,4,A60/A5103(T),A5145,53.42361912,-2.257283551,1,5,10,2248,28,272,20,4,5
18896,37809,N,2014,06/09/2014 00:00,10,5,North West,Manchester,A5103,4,A60/A5103(T),A5145,53.42361912,-2.257283551,1,0,5,1883,24,279,29,3,14
18897,37809,N,2014,06/09/2014 00:00,11,5,North West,Manchester,A5103,4,A60/A5103(T),A5145,53.42361912,-2.257283551,1,2,1,1709,23,270,24,6,9
18898,37809,N,2014,06/09/2014 00:00,12,5,North West,Manchester,A5103,4,A60/A5103(T),A5145,53.42361912,-2.257283551,1,1,1,1791,26,281,23,3,7
18899,37809,S,2014,06/09/2014 00:00,13,5,North West,Manchester,A5103,4,A60/A5103(T),A5145,53.42361912,-2.257283551,1,4,6,1948,26,278,31,5,6
18900,37809,S,2014,06/09/2014 00:00,14,5,North West,Manchester,A5103,4,A60/A5103(T),A5145,53.42361912,-2.257283551,1,4,6,2024,28,278,19,6,10
18901,37809,S,2014,06/09/2014 00:00,15,5,North West,Manchester,A5103,4,A60/A5103(T),A5145,53.42361912,-2.257283551,1,8,11,2419,35,342,19,1,15
18902,37809,S,2014,06/09/2014 00:00,16,5,North West,Manchester,A5103,4,A60/A5103(T),A5145,53.42361912,-2.257283551,1,4,19,3117,37,327,19,1,3
18903,37809,S,2014,06/09/2014 00:00,17,5,North West,Manchester,A5103,4,A60/A5103(T),A5145,53.42361912,-2.257283551,1,16,19,3139,29,217,9,1,0
18904,37809,S,2014,06/09/2014 00:00,18,5,North West,Manchester,A5103,4,A60/A5103(T),A5145,53.42361912,-2.257283551,1,10,12,2981,27,141,5,0,0
18905,37809,S,2014,06/09/2014 00:00,7,5,North West,Manchester,A5103,4,A60/A5103(T),A5145,53.42361912,-2.257283551,1,4,11,2546,22,226,16,6,11
18906,37809,S,2014,06/09/2014 00:00,8,5,North West,Manchester,A5103,4,A60/A5103(T),A5145,53.42361912,-2.257283551,1,3,7,3056,27,194,24,4,3
18907,37809,S,2014,06/09/2014 00:00,9,5,North West,Manchester,A5103,4,A60/A5103(T),A5145,53.42361912,-2.257283551,1,2,10,1674,30,234,22,5,7
18908,37809,S,2014,06/09/2014 00:00,10,5,North West,Manchester,A5103,4,A60/A5103(T),A5145,53.42361912,-2.257283551,1,4,2,1368,27,295,35,8,7
18909,37809,S,2014,06/09/2014 00:00,11,5,North West,Manchester,A5103,4,A60/A5103(T),A5145,53.42361912,-2.257283551,1,1,2,1672,26,255,41,1,10
18910,37809,S,2014,06/09/2014 00:00,12,5,North West,Manchester,A5103,4,A60/A5103(T),A5145,53.42361912,-2.257283551,1,2,6,1976,27,278,27,7,6
18911,37809,N,2014,06/09/2014 00:00,13,5,North West,Manchester,A5103,4,A60/A5103(T),A5145,53.42361912,-2.257283551,1,4,2,1877,20,267,21,7,9
18912,37809,N,2014,06/09/2014 00:00,14,5,North West,Manchester,A5103,4,A60/A5103(T),A5145,53.42361912,-2.257283551,1,2,10,1718,34,251,23,4,10
18913,37809,N,2014,06/09/2014 00:00,15,5,North West,Manchester,A5103,4,A60/A5103(T),A5145,53.42361912,-2.257283551,1,2,4,1836,49,261,26,1,12
18914,37809,N,2014,06/09/2014 00:00,16,5,North West,Manchester,A5103,4,A60/A5103(T),A5145,53.42361912,-2.257283551,1,1,11,2269,31,230,18,1,6
18915,37809,N,2014,06/09/2014 00:00,17,5,North West,Manchester,A5103,4,A60/A5103(T),A5145,53.42361912,-2.257283551,1,6,6,2800,26,195,12,1,1
18916,37809,N,2014,06/09/2014 00:00,18,5,North West,Manchester,A5103,4,A60/A5103(T),A5145,53.42361912,-2.257283551,1,4,4,2588,19,149,8,0,1
18917,7859,N,2014,10/13/2014 0:00,7,5,North West,Liverpool,A59,4,A566,A506,53.46318769,-2.959428375,0.4,9,4,791,30,168,2,2,2
18918,7859,N,2014,10/13/2014 0:00,8,5,North West,Liverpool,A59,4,A566,A506,53.46318769,-2.959428375,0.4,5,0,987,36,132,5,0,1
18919,7859,N,2014,10/13/2014 0:00,9,5,North West,Liverpool,A59,4,A566,A506,53.46318769,-2.959428375,0.4,3,5,683,39,137,11,4,0
18920,7859,N,2014,10/13/2014 0:00,10,5,North West,Liverpool,A59,4,A566,A506,53.46318769,-2.959428375,0.4,1,1,748,33,152,15,3,1
18921,7859,N,2014,10/13/2014 0:00,11,5,North West,Liverpool,A59,4,A566,A506,53.46318769,-2.959428375,0.4,2,4,806,38,148,14,3,0
18922,7859,N,2014,10/13/2014 0:00,12,5,North West,Liverpool,A59,4,A566,A506,53.46318769,-2.959428375,0.4,2,5,773,35,175,15,6,0
18923,7859,S,2014,10/13/2014 0:00,13,5,North West,Liverpool,A59,4,A566,A506,53.46318769,-2.959428375,0.4,2,2,724,32,98,9,2,0
18924,7859,S,2014,10/13/2014 0:00,14,5,North West,Liverpool,A59,4,A566,A506,53.46318769,-2.959428375,0.4,7,6,769,31,99,5,1,1
18925,7859,S,2014,10/13/2014 0:00,15,5,North West,Liverpool,A59,4,A566,A506,53.46318769,-2.959428375,0.4,3,9,827,36,96,6,4,0
18926,7859,S,2014,10/13/2014 0:00,16,5,North West,Liverpool,A59,4,A566,A506,53.46318769,-2.959428375,0.4,2,6,877,34,124,6,0,1
18927,7859,S,2014,10/13/2014 0:00,17,5,North West,Liverpool,A59,4,A566,A506,53.46318769,-2.959428375,0.4,10,6,898,34,102,1,0,0
18928,7859,S,2014,10/13/2014 0:00,18,5,North West,Liverpool,A59,4,A566,A506,53.46318769,-2.959428375,0.4,2,4,792,29,57,5,2,0
18929,7859,S,2014,10/13/2014 0:00,7,5,North West,Liverpool,A59,4,A566,A506,53.46318769,-2.959428375,0.4,8,5,873,37,145,9,4,1
18930,7859,S,2014,10/13/2014 0:00,8,5,North West,Liverpool,A59,4,A566,A506,53.46318769,-2.959428375,0.4,4,4,1129,37,151,11,3,5
18931,7859,S,2014,10/13/2014 0:00,9,5,North West,Liverpool,A59,4,A566,A506,53.46318769,-2.959428375,0.4,0,6,820,38,157,13,4,0
18932,7859,S,2014,10/13/2014 0:00,10,5,North West,Liverpool,A59,4,A566,A506,53.46318769,-2.959428375,0.4,3,3,666,32,123,12,3,1
18933,7859,S,2014,10/13/2014 0:00,11,5,North West,Liverpool,A59,4,A566,A506,53.46318769,-2.959428375,0.4,1,3,725,34,116,13,3,0
18934,7859,S,2014,10/13/2014 0:00,12,5,North West,Liverpool,A59,4,A566,A506,53.46318769,-2.959428375,0.4,2,3,745,34,107,12,1,1
18935,7859,N,2014,10/13/2014 0:00,13,5,North West,Liverpool,A59,4,A566,A506,53.46318769,-2.959428375,0.4,2,2,889,36,168,8,5,1
18936,7859,N,2014,10/13/2014 0:00,14,5,North West,Liverpool,A59,4,A566,A506,53.46318769,-2.959428375,0.4,3,5,912,35,148,13,2,0
18937,7859,N,2014,10/13/2014 0:00,15,5,North West,Liverpool,A59,4,A566,A506,53.46318769,-2.959428375,0.4,0,9,948,32,118,12,0,1
18938,7859,N,2014,10/13/2014 0:00,16,5,North West,Liverpool,A59,4,A566,A506,53.46318769,-2.959428375,0.4,12,8,1022,39,144,5,1,0
18939,7859,N,2014,10/13/2014 0:00,17,5,North West,Liverpool,A59,4,A566,A506,53.46318769,-2.959428375,0.4,10,7,1132,40,136,3,1,0
18940,7859,N,2014,10/13/2014 0:00,18,5,North West,Liverpool,A59,4,A566,A506,53.46318769,-2.959428375,0.4,16,3,915,27,80,4,1,0
18941,46242,S,2014,10/20/2014 0:00,13,11,North East,Durham,A19,3,A182,A690,54.80089576,-1.361030631,3.2,0,2,1190,6,343,66,14,13
18942,46242,S,2014,10/20/2014 0:00,14,11,North East,Durham,A19,3,A182,A690,54.80089576,-1.361030631,3.2,0,5,1232,8,328,57,22,11
18943,46242,S,2014,10/20/2014 0:00,15,11,North East,Durham,A19,3,A182,A690,54.80089576,-1.361030631,3.2,0,9,1646,18,335,55,10,6
18944,46242,S,2014,10/20/2014 0:00,16,11,North East,Durham,A19,3,A182,A690,54.80089576,-1.361030631,3.2,0,6,1987,7,467,29,8,14
18945,46242,S,2014,10/20/2014 0:00,17,11,North East,Durham,A19,3,A182,A690,54.80089576,-1.361030631,3.2,0,4,2333,5,268,20,0,3
18946,46242,S,2014,10/20/2014 0:00,18,11,North East,Durham,A19,3,A182,A690,54.80089576,-1.361030631,3.2,0,3,1285,6,121,12,1,1
18947,46242,S,2014,10/20/2014 0:00,7,11,North East,Durham,A19,3,A182,A690,54.80089576,-1.361030631,3.2,0,14,2445,13,468,39,15,14
18948,46242,S,2014,10/20/2014 0:00,8,11,North East,Durham,A19,3,A182,A690,54.80089576,-1.361030631,3.2,0,6,1579,19,377,55,7,11
18949,46242,S,2014,10/20/2014 0:00,9,11,North East,Durham,A19,3,A182,A690,54.80089576,-1.361030631,3.2,0,2,1137,7,389,51,11,12
18950,46242,S,2014,10/20/2014 0:00,10,11,North East,Durham,A19,3,A182,A690,54.80089576,-1.361030631,3.2,0,1,876,7,345,45,10,6
18951,46242,S,2014,10/20/2014 0:00,11,11,North East,Durham,A19,3,A182,A690,54.80089576,-1.361030631,3.2,0,2,935,5,285,53,3,5
18952,46242,S,2014,10/20/2014 0:00,12,11,North East,Durham,A19,3,A182,A690,54.80089576,-1.361030631,3.2,0,0,1000,5,250,41,10,6
18953,46242,N,2014,10/20/2014 0:00,13,11,North East,Durham,A19,3,A182,A690,54.80089576,-1.361030631,3.2,0,0,1217,4,348,68,16,16
18954,46242,N,2014,10/20/2014 0:00,14,11,North East,Durham,A19,3,A182,A690,54.80089576,-1.361030631,3.2,0,6,1279,5,390,59,9,16
18955,46242,N,2014,10/20/2014 0:00,15,11,North East,Durham,A19,3,A182,A690,54.80089576,-1.361030631,3.2,0,2,1498,13,434,55,11,10
18956,46242,N,2014,10/20/2014 0:00,16,11,North East,Durham,A19,3,A182,A690,54.80089576,-1.361030631,3.2,0,12,2303,7,511,49,9,11
18957,46242,N,2014,10/20/2014 0:00,17,11,North East,Durham,A19,3,A182,A690,54.80089576,-1.361030631,3.2,0,10,2495,15,288,18,5,3
18958,46242,N,2014,10/20/2014 0:00,18,11,North East,Durham,A19,3,A182,A690,54.80089576,-1.361030631,3.2,0,1,1498,7,169,21,2,1
18959,46242,N,2014,10/20/2014 0:00,7,11,North East,Durham,A19,3,A182,A690,54.80089576,-1.361030631,3.2,0,3,2231,6,344,34,8,16
18960,46242,N,2014,10/20/2014 0:00,8,11,North East,Durham,A19,3,A182,A690,54.80089576,-1.361030631,3.2,0,6,2075,17,406,35,11,9
18961,46242,N,2014,10/20/2014 0:00,9,11,North East,Durham,A19,3,A182,A690,54.80089576,-1.361030631,3.2,0,0,1186,5,318,55,11,12
18962,46242,N,2014,10/20/2014 0:00,10,11,North East,Durham,A19,3,A182,A690,54.80089576,-1.361030631,3.2,0,2,1211,4,318,53,13,6
18963,46242,N,2014,10/20/2014 0:00,11,11,North East,Durham,A19,3,A182,A690,54.80089576,-1.361030631,3.2,0,6,1179,7,283,58,12,18
18964,46242,N,2014,10/20/2014 0:00,12,11,North East,Durham,A19,3,A182,A690,54.80089576,-1.361030631,3.2,0,2,1150,6,291,38,5,5
18965,17719,E,2014,4/25/2014 0:00,7,8,Yorkshire and the Humber,Leeds,A6110,4,A58,A62,53.78039677,-1.592046432,0.9,1,6,834,10,198,30,5,11
18966,17719,E,2014,4/25/2014 0:00,8,8,Yorkshire and the Humber,Leeds,A6110,4,A58,A62,53.78039677,-1.592046432,0.9,5,5,770,3,158,31,12,16
18967,17719,E,2014,4/25/2014 0:00,9,8,Yorkshire and the Humber,Leeds,A6110,4,A58,A62,53.78039677,-1.592046432,0.9,1,7,789,4,194,42,9,3
18968,17719,E,2014,4/25/2014 0:00,10,8,Yorkshire and the Humber,Leeds,A6110,4,A58,A62,53.78039677,-1.592046432,0.9,1,2,820,5,147,50,8,5
18969,17719,E,2014,4/25/2014 0:00,11,8,Yorkshire and the Humber,Leeds,A6110,4,A58,A62,53.78039677,-1.592046432,0.9,1,1,796,4,194,40,10,3
18970,17719,E,2014,4/25/2014 0:00,12,8,Yorkshire and the Humber,Leeds,A6110,4,A58,A62,53.78039677,-1.592046432,0.9,0,1,897,3,203,34,7,4
18971,17719,W,2014,4/25/2014 0:00,13,8,Yorkshire and the Humber,Leeds,A6110,4,A58,A62,53.78039677,-1.592046432,0.9,2,2,962,5,198,42,9,6
18972,17719,W,2014,4/25/2014 0:00,14,8,Yorkshire and the Humber,Leeds,A6110,4,A58,A62,53.78039677,-1.592046432,0.9,2,3,984,2,153,41,11,6
18973,17719,W,2014,4/25/2014 0:00,15,8,Yorkshire and the Humber,Leeds,A6110,4,A58,A62,53.78039677,-1.592046432,0.9,2,1,1076,8,214,35,4,1
18974,17719,W,2014,4/25/2014 0:00,16,8,Yorkshire and the Humber,Leeds,A6110,4,A58,A62,53.78039677,-1.592046432,0.9,3,11,1367,9,166,29,1,6
18975,17719,W,2014,4/25/2014 0:00,17,8,Yorkshire and the Humber,Leeds,A6110,4,A58,A62,53.78039677,-1.592046432,0.9,1,2,1263,1,134,10,0,0
18976,17719,W,2014,4/25/2014 0:00,18,8,Yorkshire and the Humber,Leeds,A6110,4,A58,A62,53.78039677,-1.592046432,0.9,0,2,978,5,70,13,2,0
18977,17719,W,2014,4/25/2014 0:00,7,8,Yorkshire and the Humber,Leeds,A6110,4,A58,A62,53.78039677,-1.592046432,0.9,3,5,864,9,276,49,10,10
18978,17719,W,2014,4/25/2014 0:00,8,8,Yorkshire and the Humber,Leeds,A6110,4,A58,A62,53.78039677,-1.592046432,0.9,2,8,825,14,243,52,7,13
18979,17719,W,2014,4/25/2014 0:00,9,8,Yorkshire and the Humber,Leeds,A6110,4,A58,A62,53.78039677,-1.592046432,0.9,0,6,516,6,181,31,6,8
18980,17719,W,2014,4/25/2014 0:00,10,8,Yorkshire and the Humber,Leeds,A6110,4,A58,A62,53.78039677,-1.592046432,0.9,0,1,592,10,193,51,4,7
18981,17719,W,2014,4/25/2014 0:00,11,8,Yorkshire and the Humber,Leeds,A6110,4,A58,A62,53.78039677,-1.592046432,0.9,0,1,764,9,171,55,9,7
18982,17719,W,2014,4/25/2014 0:00,12,8,Yorkshire and the Humber,Leeds,A6110,4,A58,A62,53.78039677,-1.592046432,0.9,3,7,857,5,159,28,3,5
18983,17719,E,2014,4/25/2014 0:00,13,8,Yorkshire and the Humber,Leeds,A6110,4,A58,A62,53.78039677,-1.592046432,0.9,3,0,823,9,213,60,6,9
18984,17719,E,2014,4/25/2014 0:00,14,8,Yorkshire and the Humber,Leeds,A6110,4,A58,A62,53.78039677,-1.592046432,0.9,0,1,805,10,194,46,9,7
18985,17719,E,2014,4/25/2014 0:00,15,8,Yorkshire and the Humber,Leeds,A6110,4,A58,A62,53.78039677,-1.592046432,0.9,4,3,940,2,222,42,6,6
18986,17719,E,2014,4/25/2014 0:00,16,8,Yorkshire and the Humber,Leeds,A6110,4,A58,A62,53.78039677,-1.592046432,0.9,5,4,1010,5,188,18,6,1
18987,17719,E,2014,4/25/2014 0:00,17,8,Yorkshire and the Humber,Leeds,A6110,4,A58,A62,53.78039677,-1.592046432,0.9,2,4,907,3,112,18,3,2
18988,17719,E,2014,4/25/2014 0:00,18,8,Yorkshire and the Humber,Leeds,A6110,4,A58,A62,53.78039677,-1.592046432,0.9,1,2,824,5,65,4,1,0
18989,17862,N,2014,6/16/2014 0:00,7,10,West Midlands,Worcestershire,A38,4,Stoke Rd/ Charford Rd,A448,52.3280816,-2.055128223,1.6,1,6,527,2,122,11,4,2
18990,17862,N,2014,6/16/2014 0:00,8,10,West Midlands,Worcestershire,A38,4,Stoke Rd/ Charford Rd,A448,52.3280816,-2.055128223,1.6,0,2,762,5,117,10,1,1
18991,17862,N,2014,6/16/2014 0:00,9,10,West Midlands,Worcestershire,A38,4,Stoke Rd/ Charford Rd,A448,52.3280816,-2.055128223,1.6,1,2,485,3,112,10,2,0
18992,17862,N,2014,6/16/2014 0:00,10,10,West Midlands,Worcestershire,A38,4,Stoke Rd/ Charford Rd,A448,52.3280816,-2.055128223,1.6,0,2,497,0,111,22,1,5
18993,17862,N,2014,6/16/2014 0:00,11,10,West Midlands,Worcestershire,A38,4,Stoke Rd/ Charford Rd,A448,52.3280816,-2.055128223,1.6,0,3,550,0,110,17,2,2
18994,17862,N,2014,6/16/2014 0:00,12,10,West Midlands,Worcestershire,A38,4,Stoke Rd/ Charford Rd,A448,52.3280816,-2.055128223,1.6,0,2,565,0,111,13,3,2
18995,17862,S,2014,6/16/2014 0:00,13,10,West Midlands,Worcestershire,A38,4,Stoke Rd/ Charford Rd,A448,52.3280816,-2.055128223,1.6,1,4,534,5,114,22,5,2
18996,17862,S,2014,6/16/2014 0:00,14,10,West Midlands,Worcestershire,A38,4,Stoke Rd/ Charford Rd,A448,52.3280816,-2.055128223,1.6,0,7,653,2,109,19,4,4
18997,17862,S,2014,6/16/2014 0:00,15,10,West Midlands,Worcestershire,A38,4,Stoke Rd/ Charford Rd,A448,52.3280816,-2.055128223,1.6,1,4,692,2,102,16,3,3
18998,17862,S,2014,6/16/2014 0:00,16,10,West Midlands,Worcestershire,A38,4,Stoke Rd/ Charford Rd,A448,52.3280816,-2.055128223,1.6,0,5,714,0,115,14,4,4
18999,17862,S,2014,6/16/2014 0:00,17,10,West Midlands,Worcestershire,A38,4,Stoke Rd/ Charford Rd,A448,52.3280816,-2.055128223,1.6,2,8,735,0,100,8,4,4
19000,17862,S,2014,6/16/2014 0:00,18,10,West Midlands,Worcestershire,A38,4,Stoke Rd/ Charford Rd,A448,52.3280816,-2.055128223,1.6,0,6,624,1,61,8,4,4
19001,17862,S,2014,6/16/2014 0:00,7,10,West Midlands,Worcestershire,A38,4,Stoke Rd/ Charford Rd,A448,52.3280816,-2.055128223,1.6,1,11,524,2,99,4,3,2
19002,17862,S,2014,6/16/2014 0:00,8,10,West Midlands,Worcestershire,A38,4,Stoke Rd/ Charford Rd,A448,52.3280816,-2.055128223,1.6,0,6,926,1,105,15,3,2
19003,17862,S,2014,6/16/2014 0:00,9,10,West Midlands,Worcestershire,A38,4,Stoke Rd/ Charford Rd,A448,52.3280816,-2.055128223,1.6,1,2,612,1,124,12,1,4
19004,17862,S,2014,6/16/2014 0:00,10,10,West Midlands,Worcestershire,A38,4,Stoke Rd/ Charford Rd,A448,52.3280816,-2.055128223,1.6,0,0,541,0,120,21,1,2
19005,17862,S,2014,6/16/2014 0:00,11,10,West Midlands,Worcestershire,A38,4,Stoke Rd/ Charford Rd,A448,52.3280816,-2.055128223,1.6,0,4,589,0,107,16,1,1
19006,17862,S,2014,6/16/2014 0:00,12,10,West Midlands,Worcestershire,A38,4,Stoke Rd/ Charford Rd,A448,52.3280816,-2.055128223,1.6,0,3,545,2,94,14,1,0
19007,17862,N,2014,6/16/2014 0:00,13,10,West Midlands,Worcestershire,A38,4,Stoke Rd/ Charford Rd,A448,52.3280816,-2.055128223,1.6,0,5,581,1,134,17,0,7
19008,17862,N,2014,6/16/2014 0:00,14,10,West Midlands,Worcestershire,A38,4,Stoke Rd/ Charford Rd,A448,52.3280816,-2.055128223,1.6,0,2,728,1,115,14,3,1
19009,17862,N,2014,6/16/2014 0:00,15,10,West Midlands,Worcestershire,A38,4,Stoke Rd/ Charford Rd,A448,52.3280816,-2.055128223,1.6,0,3,792,1,119,12,1,0
19010,17862,N,2014,6/16/2014 0:00,16,10,West Midlands,Worcestershire,A38,4,Stoke Rd/ Charford Rd,A448,52.3280816,-2.055128223,1.6,0,7,826,1,122,11,4,1
19011,17862,N,2014,6/16/2014 0:00,17,10,West Midlands,Worcestershire,A38,4,Stoke Rd/ Charford Rd,A448,52.3280816,-2.055128223,1.6,0,16,1029,0,95,8,0,0
19012,17862,N,2014,6/16/2014 0:00,18,10,West Midlands,Worcestershire,A38,4,Stoke Rd/ Charford Rd,A448,52.3280816,-2.055128223,1.6,0,4,661,0,59,6,0,0
19013,27354,N,2014,4/30/2014 0:00,7,2,East Midlands,Leicestershire,A607,4,B667,A46(T),52.68874823,-1.096908448,1.6,0,6,913,16,175,23,1,6
19014,27354,N,2014,4/30/2014 0:00,8,2,East Midlands,Leicestershire,A607,4,B667,A46(T),52.68874823,-1.096908448,1.6,0,4,936,4,152,27,2,13
19015,27354,N,2014,4/30/2014 0:00,9,2,East Midlands,Leicestershire,A607,4,B667,A46(T),52.68874823,-1.096908448,1.6,0,1,585,3,165,33,2,9
19016,27354,N,2014,4/30/2014 0:00,10,2,East Midlands,Leicestershire,A607,4,B667,A46(T),52.68874823,-1.096908448,1.6,0,3,572,2,153,37,2,9
19017,27354,N,2014,4/30/2014 0:00,11,2,East Midlands,Leicestershire,A607,4,B667,A46(T),52.68874823,-1.096908448,1.6,0,5,595,0,141,27,8,10
19018,27354,N,2014,4/30/2014 0:00,12,2,East Midlands,Leicestershire,A607,4,B667,A46(T),52.68874823,-1.096908448,1.6,0,4,705,3,126,26,3,18
19019,27354,S,2014,4/30/2014 0:00,13,2,East Midlands,Leicestershire,A607,4,B667,A46(T),52.68874823,-1.096908448,1.6,1,4,673,2,145,29,4,10
19020,27354,S,2014,4/30/2014 0:00,14,2,East Midlands,Leicestershire,A607,4,B667,A46(T),52.68874823,-1.096908448,1.6,0,7,743,3,139,28,3,5
19021,27354,S,2014,4/30/2014 0:00,15,2,East Midlands,Leicestershire,A607,4,B667,A46(T),52.68874823,-1.096908448,1.6,0,8,676,2,161,29,2,4
19022,27354,S,2014,4/30/2014 0:00,16,2,East Midlands,Leicestershire,A607,4,B667,A46(T),52.68874823,-1.096908448,1.6,0,3,914,8,184,10,3,5
19023,27354,S,2014,4/30/2014 0:00,17,2,East Midlands,Leicestershire,A607,4,B667,A46(T),52.68874823,-1.096908448,1.6,2,5,1135,2,92,3,1,3
19024,27354,S,2014,4/30/2014 0:00,18,2,East Midlands,Leicestershire,A607,4,B667,A46(T),52.68874823,-1.096908448,1.6,0,7,931,6,77,2,0,0
19025,27354,S,2014,4/30/2014 0:00,7,2,East Midlands,Leicestershire,A607,4,B667,A46(T),52.68874823,-1.096908448,1.6,0,12,1421,5,260,29,2,11
19026,27354,S,2014,4/30/2014 0:00,8,2,East Midlands,Leicestershire,A607,4,B667,A46(T),52.68874823,-1.096908448,1.6,0,7,1476,5,220,34,0,12
19027,27354,S,2014,4/30/2014 0:00,9,2,East Midlands,Leicestershire,A607,4,B667,A46(T),52.68874823,-1.096908448,1.6,0,2,862,5,138,29,6,8
19028,27354,S,2014,4/30/2014 0:00,10,2,East Midlands,Leicestershire,A607,4,B667,A46(T),52.68874823,-1.096908448,1.6,0,2,626,1,131,21,3,9
19029,27354,S,2014,4/30/2014 0:00,11,2,East Midlands,Leicestershire,A607,4,B667,A46(T),52.68874823,-1.096908448,1.6,0,3,540,1,168,26,5,12
19030,27354,S,2014,4/30/2014 0:00,12,2,East Midlands,Leicestershire,A607,4,B667,A46(T),52.68874823,-1.096908448,1.6,1,2,689,1,154,24,1,6
19031,27354,N,2014,4/30/2014 0:00,13,2,East Midlands,Leicestershire,A607,4,B667,A46(T),52.68874823,-1.096908448,1.6,0,5,836,2,132,30,10,10
19032,27354,N,2014,4/30/2014 0:00,14,2,East Midlands,Leicestershire,A607,4,B667,A46(T),52.68874823,-1.096908448,1.6,0,4,784,5,131,31,3,8
19033,27354,N,2014,4/30/2014 0:00,15,2,East Midlands,Leicestershire,A607,4,B667,A46(T),52.68874823,-1.096908448,1.6,0,4,945,4,206,32,3,5
19034,27354,N,2014,4/30/2014 0:00,16,2,East Midlands,Leicestershire,A607,4,B667,A46(T),52.68874823,-1.096908448,1.6,1,19,1324,2,291,19,3,4
19035,27354,N,2014,4/30/2014 0:00,17,2,East Midlands,Leicestershire,A607,4,B667,A46(T),52.68874823,-1.096908448,1.6,0,7,1426,3,177,8,3,0
19036,27354,N,2014,4/30/2014 0:00,18,2,East Midlands,Leicestershire,A607,4,B667,A46(T),52.68874823,-1.096908448,1.6,0,10,947,1,91,5,0,1
19037,16056,E,2014,06/02/2014 00:00,7,5,North West,Trafford,M60,1,10,9,53.4624869,-2.348793755,1.5,0,17,4063,9,879,96,7,43
19038,16056,E,2014,06/02/2014 00:00,8,5,North West,Trafford,M60,1,10,9,53.4624869,-2.348793755,1.5,0,23,3714,2,708,90,35,44
19039,16056,E,2014,06/02/2014 00:00,9,5,North West,Trafford,M60,1,10,9,53.4624869,-2.348793755,1.5,0,8,2503,5,623,92,26,39
19040,16056,E,2014,06/02/2014 00:00,10,5,North West,Trafford,M60,1,10,9,53.4624869,-2.348793755,1.5,0,9,2161,9,584,93,25,36
19041,16056,E,2014,06/02/2014 00:00,11,5,North West,Trafford,M60,1,10,9,53.4624869,-2.348793755,1.5,0,6,2091,5,630,78,27,38
19042,16056,E,2014,06/02/2014 00:00,12,5,North West,Trafford,M60,1,10,9,53.4624869,-2.348793755,1.5,0,9,2223,2,548,104,28,25
19043,16056,W,2014,06/02/2014 00:00,13,5,North West,Trafford,M60,1,10,9,53.4624869,-2.348793755,1.5,0,4,2364,0,598,140,34,46
19044,16056,W,2014,06/02/2014 00:00,14,5,North West,Trafford,M60,1,10,9,53.4624869,-2.348793755,1.5,0,5,2533,11,706,138,28,34
19045,16056,W,2014,06/02/2014 00:00,15,5,North West,Trafford,M60,1,10,9,53.4624869,-2.348793755,1.5,0,10,3005,3,736,148,28,42
19046,16056,W,2014,06/02/2014 00:00,16,5,North West,Trafford,M60,1,10,9,53.4624869,-2.348793755,1.5,0,16,3064,6,643,60,10,19
